case,step,bank,stage,rms,sample_diversity_rms,batch_mean_rms,diversity_to_rms
cifar,0,fixed_latent,input_projection,0.581482470035553,0.5724968910217285,0.10182913497178925,0.9845471196865573
cifar,0,fixed_latent,stage8_position,0.5818389058113098,0.5724968910217285,0.10384518325929883,0.9839439839854729
cifar,0,fixed_latent,stage8_block0_attention,0.057348139584064484,0.04325546324253082,0.037653340003609356,0.7542609674220427
cifar,0,fixed_latent,stage8_block0_attention_residual,0.5846015810966492,0.574080765247345,0.11040961730630566,0.9820034427044
cifar,0,fixed_latent,stage8_block0_ffn,0.196698859333992,0.18276435136795044,0.07271611329235031,0.9291581658723249
cifar,0,fixed_latent,stage8_block0,0.6163162589073181,0.6018022894859314,0.13296516597591868,0.9764504518392572
cifar,0,fixed_latent,stage8_block1_attention,0.0765087753534317,0.0496860146522522,0.05817983030276092,0.6494158927878277
cifar,0,fixed_latent,stage8_block1_attention_residual,0.6207672357559204,0.6038544774055481,0.14391570833414563,0.9727550724712826
cifar,0,fixed_latent,stage8_block1_ffn,0.20105509459972382,0.18194453418254852,0.08555312703577424,0.9049486388035971
cifar,0,fixed_latent,stage8_block1,0.651229739189148,0.6293318867683411,0.167456112163652,0.966374612363262
cifar,0,fixed_latent,stage16_upsample,0.651229739189148,0.6293318867683411,0.167456112163652,0.966374612363262
cifar,0,fixed_latent,stage16_position,0.6515889167785645,0.6293318867683411,0.16884754296483837,0.9658419143771483
cifar,0,fixed_latent,stage16_block0_attention,0.0800892785191536,0.029927479103207588,0.07428753952208696,0.3736764727634591
cifar,0,fixed_latent,stage16_block0_attention_residual,0.6564127206802368,0.6297913789749146,0.1850418299728636,0.9594442019988054
cifar,0,fixed_latent,stage16_block0_ffn,0.20027776062488556,0.17958858609199524,0.08865168439684028,0.896697594039707
cifar,0,fixed_latent,stage16_block0,0.687631368637085,0.6552646160125732,0.20848304999593031,0.9529300812895374
cifar,0,fixed_latent,stage16_block1_attention,0.10632843524217606,0.032582469284534454,0.10121323449219473,0.3064323217991865
cifar,0,fixed_latent,stage16_block1_attention_residual,0.6913731098175049,0.6557738184928894,0.21899195409416897,0.9485092914099418
cifar,0,fixed_latent,stage16_block1_ffn,0.19780749082565308,0.17400744557380676,0.09407025200146699,0.8796807686478183
cifar,0,fixed_latent,stage16_block1,0.72206711769104,0.6827314496040344,0.23507167028848897,0.9455235294292453
cifar,0,fixed_latent,stage32_upsample,0.72206711769104,0.6827314496040344,0.23507167028848897,0.9455235294292453
cifar,0,fixed_latent,stage32_position,0.7224429249763489,0.6827315092086792,0.23622333962168438,0.9450317604411868
cifar,0,fixed_latent,stage32_block0_attention,0.1563134789466858,0.03243407607078552,0.15291152477773048,0.20749378933500603
cifar,0,fixed_latent,stage32_block0_attention_residual,0.7325507402420044,0.6813153028488159,0.26914688393725616,0.9300588552046751
cifar,0,fixed_latent,stage32_block0_ffn,0.21923188865184784,0.1719214916229248,0.13603536937136904,0.7841992908976189
cifar,0,fixed_latent,stage32_block0,0.7551054358482361,0.7019330263137817,0.2783419584208072,0.9295828012749981
cifar,0,fixed_latent,stage32_block1_attention,0.15481984615325928,0.029146937653422356,0.15205144125705083,0.1882635745844187
cifar,0,fixed_latent,stage32_block1_attention_residual,0.7722408175468445,0.7026289701461792,0.32041911709000503,0.9098573322997879
cifar,0,fixed_latent,stage32_block1_ffn,0.19302934408187866,0.1672956943511963,0.09629370866381362,0.8666852967196182
cifar,0,fixed_latent,stage32_block1,0.8064607977867126,0.7347767353057861,0.33238857925649573,0.9111127748829708
cifar,0,fixed_latent,output_projection,1.0635793209075928,0.9125813245773315,0.5462566227469826,0.8580284579043819
cifar,0,evolving_prior,input_projection,0.581482470035553,0.5724968910217285,0.10182913497178925,0.9845471196865573
cifar,0,evolving_prior,stage8_position,0.5818389058113098,0.5724968910217285,0.10384518325929883,0.9839439839854729
cifar,0,evolving_prior,stage8_block0_attention,0.057348139584064484,0.04325546324253082,0.037653340003609356,0.7542609674220427
cifar,0,evolving_prior,stage8_block0_attention_residual,0.5846015810966492,0.574080765247345,0.11040961730630566,0.9820034427044
cifar,0,evolving_prior,stage8_block0_ffn,0.196698859333992,0.18276435136795044,0.07271611329235031,0.9291581658723249
cifar,0,evolving_prior,stage8_block0,0.6163162589073181,0.6018022894859314,0.13296516597591868,0.9764504518392572
cifar,0,evolving_prior,stage8_block1_attention,0.0765087753534317,0.0496860146522522,0.05817983030276092,0.6494158927878277
cifar,0,evolving_prior,stage8_block1_attention_residual,0.6207672357559204,0.6038544774055481,0.14391570833414563,0.9727550724712826
cifar,0,evolving_prior,stage8_block1_ffn,0.20105509459972382,0.18194453418254852,0.08555312703577424,0.9049486388035971
cifar,0,evolving_prior,stage8_block1,0.651229739189148,0.6293318867683411,0.167456112163652,0.966374612363262
cifar,0,evolving_prior,stage16_upsample,0.651229739189148,0.6293318867683411,0.167456112163652,0.966374612363262
cifar,0,evolving_prior,stage16_position,0.6515889167785645,0.6293318867683411,0.16884754296483837,0.9658419143771483
cifar,0,evolving_prior,stage16_block0_attention,0.0800892785191536,0.029927479103207588,0.07428753952208696,0.3736764727634591
cifar,0,evolving_prior,stage16_block0_attention_residual,0.6564127206802368,0.6297913789749146,0.1850418299728636,0.9594442019988054
cifar,0,evolving_prior,stage16_block0_ffn,0.20027776062488556,0.17958858609199524,0.08865168439684028,0.896697594039707
cifar,0,evolving_prior,stage16_block0,0.687631368637085,0.6552646160125732,0.20848304999593031,0.9529300812895374
cifar,0,evolving_prior,stage16_block1_attention,0.10632843524217606,0.032582469284534454,0.10121323449219473,0.3064323217991865
cifar,0,evolving_prior,stage16_block1_attention_residual,0.6913731098175049,0.6557738184928894,0.21899195409416897,0.9485092914099418
cifar,0,evolving_prior,stage16_block1_ffn,0.19780749082565308,0.17400744557380676,0.09407025200146699,0.8796807686478183
cifar,0,evolving_prior,stage16_block1,0.72206711769104,0.6827314496040344,0.23507167028848897,0.9455235294292453
cifar,0,evolving_prior,stage32_upsample,0.72206711769104,0.6827314496040344,0.23507167028848897,0.9455235294292453
cifar,0,evolving_prior,stage32_position,0.7224429249763489,0.6827315092086792,0.23622333962168438,0.9450317604411868
cifar,0,evolving_prior,stage32_block0_attention,0.1563134789466858,0.03243407607078552,0.15291152477773048,0.20749378933500603
cifar,0,evolving_prior,stage32_block0_attention_residual,0.7325507402420044,0.6813153028488159,0.26914688393725616,0.9300588552046751
cifar,0,evolving_prior,stage32_block0_ffn,0.21923188865184784,0.1719214916229248,0.13603536937136904,0.7841992908976189
cifar,0,evolving_prior,stage32_block0,0.7551054358482361,0.7019330263137817,0.2783419584208072,0.9295828012749981
cifar,0,evolving_prior,stage32_block1_attention,0.15481984615325928,0.029146937653422356,0.15205144125705083,0.1882635745844187
cifar,0,evolving_prior,stage32_block1_attention_residual,0.7722408175468445,0.7026289701461792,0.32041911709000503,0.9098573322997879
cifar,0,evolving_prior,stage32_block1_ffn,0.19302934408187866,0.1672956943511963,0.09629370866381362,0.8666852967196182
cifar,0,evolving_prior,stage32_block1,0.8064607977867126,0.7347767353057861,0.33238857925649573,0.9111127748829708
cifar,0,evolving_prior,output_projection,1.0635793209075928,0.9125813245773315,0.5462566227469826,0.8580284579043819
cifar,1,fixed_latent,input_projection,0.5814936757087708,0.5725091099739075,0.1018244267657882,0.9845491600163799
cifar,1,fixed_latent,stage8_position,0.5818493366241455,0.5725091099739075,0.10383626306277839,0.9839473450216005
cifar,1,fixed_latent,stage8_block0_attention,0.05737142637372017,0.043296605348587036,0.03764152666197133,0.7546719348853367
cifar,1,fixed_latent,stage8_block0_attention_residual,0.5846181511878967,0.5741007328033447,0.11039352921714687,0.9820097642141602
cifar,1,fixed_latent,stage8_block0_ffn,0.19816933572292328,0.18288375437259674,0.07631918505492821,0.922866061519737
cifar,1,fixed_latent,stage8_block0,0.6168596148490906,0.6018940806388855,0.1350529530356118,0.9757391570951419
cifar,1,fixed_latent,stage8_block1_attention,0.07741156220436096,0.04976808279752731,0.059293236524734526,0.6429024473907806
cifar,1,fixed_latent,stage8_block1_attention_residual,0.6219244003295898,0.6039698719978333,0.14835886709004234,0.9711306899645012
cifar,1,fixed_latent,stage8_block1_ffn,0.20322813093662262,0.1818794161081314,0.09067276989349238,0.8949519698375376
cifar,1,fixed_latent,stage8_block1,0.6543197631835938,0.6294922232627869,0.17853261143081928,0.9620559528876089
cifar,1,fixed_latent,stage16_upsample,0.6543197631835938,0.6294922232627869,0.17853261143081928,0.9620559528876089
cifar,1,fixed_latent,stage16_position,0.6546635031700134,0.6294922232627869,0.17978832897189928,0.9615508123099239
cifar,1,fixed_latent,stage16_block0_attention,0.08422628790140152,0.030063889920711517,0.07867801533138159,0.3569418844138714
cifar,1,fixed_latent,stage16_block0_attention_residual,0.6609013676643372,0.6299885511398315,0.19976246697847727,0.9532262784782043
cifar,1,fixed_latent,stage16_block0_ffn,0.2001904994249344,0.17935524880886078,0.08892654713141795,0.8959228800771026
cifar,1,fixed_latent,stage16_block0,0.6929060816764832,0.6555860638618469,0.2243340163559408,0.9461398610842892
cifar,1,fixed_latent,stage16_block1_attention,0.1280316412448883,0.03283695504069328,0.12374908300070459,0.2564753112700124
cifar,1,fixed_latent,stage16_block1_attention_residual,0.7028685808181763,0.6561347246170044,0.25201481117808333,0.9335098232065357
cifar,1,fixed_latent,stage16_block1_ffn,0.19791622459888458,0.17252202332019806,0.09698960474700968,0.8716921701080709
cifar,1,fixed_latent,stage16_block1,0.7342532277107239,0.6827883124351501,0.27005170394866224,0.9299084929649781
cifar,1,fixed_latent,stage32_upsample,0.7342532277107239,0.6827883124351501,0.27005170394866224,0.9299084929649781
cifar,1,fixed_latent,stage32_position,0.7345684766769409,0.6827883124351501,0.27090767307228725,0.9295094114628561
cifar,1,fixed_latent,stage32_block0_attention,0.16216827929019928,0.031953755766153336,0.1589890194333593,0.19704072773055856
cifar,1,fixed_latent,stage32_block0_attention_residual,0.7431616187095642,0.6813694834709167,0.29668976813768927,0.9168523593213221
cifar,1,fixed_latent,stage32_block0_ffn,0.2170114815235138,0.16870267689228058,0.13650417547609725,0.7773905588216593
cifar,1,fixed_latent,stage32_block0,0.7639821171760559,0.7014079093933105,0.3028128464998047,0.9180946695270285
cifar,1,fixed_latent,stage32_block1_attention,0.16953317821025848,0.028801342472434044,0.16706879177709053,0.1698861708161575
cifar,1,fixed_latent,stage32_block1_attention_residual,0.7904249429702759,0.7024663686752319,0.3623707926279338,0.8887198903864151
cifar,1,fixed_latent,stage32_block1_ffn,0.1868397444486618,0.15935161709785461,0.09755076746976406,0.8528785862348461
cifar,1,fixed_latent,stage32_block1,0.8208034038543701,0.7320596575737,0.3712234980870653,0.891881849095724
cifar,1,fixed_latent,output_projection,1.0108948945999146,0.909423291683197,0.44142696391619657,0.8996220047615561
cifar,1,evolving_prior,input_projection,0.5814992785453796,0.5725140571594238,0.10182860749147561,0.9845481813693177
cifar,1,evolving_prior,stage8_position,0.5818549394607544,0.5725140571594238,0.10384038197991255,0.9839463727677771
cifar,1,evolving_prior,stage8_block0_attention,0.057371947914361954,0.04329650104045868,0.03764244154065755,0.7546632564243168
cifar,1,evolving_prior,stage8_block0_attention_residual,0.5846236944198608,0.5741057395935059,0.11039684706965351,0.9820090172075693
cifar,1,evolving_prior,stage8_block0_ffn,0.19816994667053223,0.1828841120004654,0.0763199144470355,0.9228650210242004
cifar,1,evolving_prior,stage8_block0,0.6168644428253174,0.6018986701965332,0.13505455060024527,0.9757389604752723
cifar,1,evolving_prior,stage8_block1_attention,0.07741217315196991,0.04976973682641983,0.05929264582002966,0.6429187400373779
cifar,1,evolving_prior,stage8_block1_attention_residual,0.6219297051429749,0.6039749979972839,0.14836023703610246,0.9711306486935476
cifar,1,evolving_prior,stage8_block1_ffn,0.20322836935520172,0.18187959492206573,0.09067294558885564,0.8949517997862656
cifar,1,evolving_prior,stage8_block1,0.654323935508728,0.6294968128204346,0.1785317205107956,0.9620568324938462
cifar,1,evolving_prior,stage16_upsample,0.654323935508728,0.6294968128204346,0.1785317205107956,0.9620568324938462
cifar,1,evolving_prior,stage16_position,0.6546676754951477,0.6294968128204346,0.17978745225163736,0.9615516946736746
cifar,1,evolving_prior,stage16_block0_attention,0.08422274887561798,0.030061477795243263,0.07867514843285335,0.3569282432189279
cifar,1,evolving_prior,stage16_block0_attention_residual,0.6609051823616028,0.6299930214881897,0.19976098955653174,0.9532275405029279
cifar,1,evolving_prior,stage16_block0_ffn,0.2001892775297165,0.17935441434383392,0.08892547943784274,0.8959241801410178
cifar,1,evolving_prior,stage16_block0,0.6929092407226562,0.6555899977684021,0.22433227744770595,0.9461412249094372
cifar,1,evolving_prior,stage16_block1_attention,0.12802620232105255,0.03283308818936348,0.12374448190000459,0.25645600349081377
cifar,1,evolving_prior,stage16_block1_attention_residual,0.702871561050415,0.6561385989189148,0.25201303605601594,0.9335113771545123
cifar,1,evolving_prior,stage16_block1_ffn,0.19791780412197113,0.17252391576766968,0.09698946167833364,0.8716947751772148
cifar,1,evolving_prior,stage16_block1,0.7342566251754761,0.6827924847602844,0.2700503922769903,0.9299098725831824
cifar,1,evolving_prior,stage32_upsample,0.7342566251754761,0.6827924847602844,0.2700503922769903,0.9299098725831824
cifar,1,evolving_prior,stage32_position,0.7345719337463379,0.6827924847602844,0.2709065311185963,0.9295107169123972
cifar,1,evolving_prior,stage32_block0_attention,0.1621660590171814,0.031951259821653366,0.15898725638545108,0.19702803419714449
cifar,1,evolving_prior,stage32_block0_attention_residual,0.7431643009185791,0.6813732385635376,0.2966878627939419,0.9168541030850574
cifar,1,evolving_prior,stage32_block0_ffn,0.2170107364654541,0.16870225965976715,0.13650350664714542,0.7773913051837545
cifar,1,evolving_prior,stage32_block0,0.7639853358268738,0.7014114260673523,0.30281282129504405,0.9180954046823467
cifar,1,evolving_prior,stage32_block1_attention,0.16953051090240479,0.02879766747355461,0.1670667186333441,0.16986716621253406
cifar,1,evolving_prior,stage32_block1_attention_residual,0.7904273271560669,0.7024698257446289,0.36236929151543,0.8887215833897009
cifar,1,evolving_prior,stage32_block1_ffn,0.18684042990207672,0.15935339033603668,0.09754918366856576,0.8528849479716675
cifar,1,evolving_prior,stage32_block1,0.8208054900169373,0.7320635318756104,0.37122047052897245,0.8918843024070225
cifar,1,evolving_prior,output_projection,1.0109003782272339,0.9094240069389343,0.44143804809179926,0.8996178323068257
cifar,8,fixed_latent,input_projection,0.5813719034194946,0.5723902583122253,0.10179726064521648,0.984550947415172
cifar,8,fixed_latent,stage8_position,0.5817296504974365,0.5723902583122253,0.10382089605244986,0.9839454767739189
cifar,8,fixed_latent,stage8_block0_attention,0.05726156383752823,0.04339871183037758,0.03735556858867451,0.7579030142019073
cifar,8,fixed_latent,stage8_block0_attention_residual,0.5844542980194092,0.5739573240280151,0.11027155874458472,0.9820397009193601
cifar,8,fixed_latent,stage8_block0_ffn,0.21429097652435303,0.1849883645772934,0.10816620355166026,0.8632578355732606
cifar,8,fixed_latent,stage8_block0,0.6205800175666809,0.6013002395629883,0.15348478786040942,0.9689326477521958
cifar,8,fixed_latent,stage8_block1_attention,0.10792368650436401,0.04967670515179634,0.09581099662331946,0.4602947393738965
cifar,8,fixed_latent,stage8_block1_attention_residual,0.6334746479988098,0.6033868789672852,0.19291035209997096,0.9525035940639867
cifar,8,fixed_latent,stage8_block1_ffn,0.23379100859165192,0.18413349986076355,0.1440593278039574,0.7875987231928923
cifar,8,fixed_latent,stage8_block1,0.6911730170249939,0.6304954886436462,0.28318823821522365,0.9122107968819138
cifar,8,fixed_latent,stage16_upsample,0.6911730170249939,0.6304954886436462,0.28318823821522365,0.9122107968819138
cifar,8,fixed_latent,stage16_position,0.6915553212165833,0.6304954886436462,0.2841200469924313,0.9117065103836948
cifar,8,fixed_latent,stage16_block0_attention,0.11195565015077591,0.029431050643324852,0.10801796544423978,0.26288133384682844
cifar,8,fixed_latent,stage16_block0_attention_residual,0.7087521553039551,0.6310251951217651,0.32270237180649897,0.8903326648102312
cifar,8,fixed_latent,stage16_block0_ffn,0.20110979676246643,0.16727827489376068,0.11163838543443733,0.8317758636658331
cifar,8,fixed_latent,stage16_block0,0.7484226226806641,0.6529953479766846,0.3656959087288403,0.8724954700565001
cifar,8,fixed_latent,stage16_block1_attention,0.17722086608409882,0.03361885994672775,0.17400289546866854,0.1897003478742406
cifar,8,fixed_latent,stage16_block1_attention_residual,0.7814422249794006,0.6538465619087219,0.4279446511651946,0.8367177265420458
cifar,8,fixed_latent,stage16_block1_ffn,0.2128116339445114,0.1619102954864502,0.13810810170885382,0.7608150573603826
cifar,8,fixed_latent,stage16_block1,0.8394527435302734,0.6778534650802612,0.49517228163457017,0.8074944900764572
cifar,8,fixed_latent,stage32_upsample,0.8394527435302734,0.6778534650802612,0.49517228163457017,0.8074944900764572
cifar,8,fixed_latent,stage32_position,0.839927613735199,0.6778534650802612,0.4959768907858396,0.8070379565993954
cifar,8,fixed_latent,stage32_block0_attention,0.15636089444160461,0.02986493892967701,0.1534822945271059,0.19100005174778872
cifar,8,fixed_latent,stage32_block0_attention_residual,0.8647181391716003,0.6770750284194946,0.5378725370411988,0.7830008389417299
cifar,8,fixed_latent,stage32_block0_ffn,0.224638432264328,0.1467331051826477,0.17009356570321266,0.6531968003141577
cifar,8,fixed_latent,stage32_block0,0.90218585729599,0.6897836327552795,0.5814962262025697,0.7645693259066182
cifar,8,fixed_latent,stage32_block1_attention,0.18964891135692596,0.022319281473755836,0.1883309832538513,0.11768736932926632
cifar,8,fixed_latent,stage32_block1_attention_residual,0.9145234227180481,0.6905654668807983,0.5995601943521924,0.7551096557246987
cifar,8,fixed_latent,stage32_block1_ffn,0.22040893137454987,0.15265636146068573,0.15898469214127345,0.6926051521989849
cifar,8,fixed_latent,stage32_block1,0.9750515222549438,0.7179309129714966,0.6597731998585549,0.7363004893435583
cifar,8,fixed_latent,output_projection,1.8375523090362549,0.8880640268325806,1.6087077959313723,0.4832863927004862
cifar,8,evolving_prior,input_projection,0.5814220905303955,0.572446882724762,0.10176548440133351,0.9845633525939029
cifar,8,evolving_prior,stage8_position,0.581779956817627,0.572446882724762,0.10379058056212281,0.9839577249379344
cifar,8,evolving_prior,stage8_block0_attention,0.057263150811195374,0.04340030997991562,0.037356144534372686,0.7579099187715416
cifar,8,evolving_prior,stage8_block0_attention_residual,0.5845044255256653,0.5740146636962891,0.11023878319685936,0.9820535801419427
cifar,8,evolving_prior,stage8_block0_ffn,0.21429167687892914,0.18499083817005157,0.10816336058354124,0.8632665573594256
cifar,8,evolving_prior,stage8_block0,0.6206284165382385,0.6013579964637756,0.1534542000201849,0.9689501486542462
cifar,8,evolving_prior,stage8_block1_attention,0.10790551453828812,0.04968227446079254,0.09578763841005367,0.4604238687278932
cifar,8,evolving_prior,stage8_block1_attention_residual,0.6335192322731018,0.6034462451934814,0.1928710626864201,0.9525302697256454
cifar,8,evolving_prior,stage8_block1_ffn,0.23377665877342224,0.18413439393043518,0.1440348956299702,0.787650892508047
cifar,8,evolving_prior,stage8_block1,0.6911988258361816,0.6305496096611023,0.28313072350691243,0.9122550358766761
cifar,8,evolving_prior,stage16_upsample,0.6911988258361816,0.6305496096611023,0.28313072350691243,0.9122550358766761
cifar,8,evolving_prior,stage16_position,0.6915813684463501,0.6305496096611023,0.2840633361388931,0.9117504294218384
cifar,8,evolving_prior,stage16_block0_attention,0.11192335188388824,0.029413431882858276,0.1079892898476378,0.2627997767022955
cifar,8,evolving_prior,stage16_block0_attention_residual,0.7087675929069519,0.6310773491859436,0.3226342822757019,0.8903868567094495
cifar,8,evolving_prior,stage16_block0_ffn,0.2011052966117859,0.16728784143924713,0.11161594165669925,0.831842046220095
cifar,8,evolving_prior,stage16_block0,0.7484260201454163,0.6530444025993347,0.36561525660779676,0.8725570530971795
cifar,8,evolving_prior,stage16_block1_attention,0.17717108130455017,0.03355882689356804,0.17396378125388934,0.1894148110767678
cifar,8,evolving_prior,stage16_block1_attention_residual,0.7814272046089172,0.6538906097412109,0.42784991129504046,0.8367901781311352
cifar,8,evolving_prior,stage16_block1_ffn,0.2128068208694458,0.16192591190338135,0.13808237419315608,0.7609056478632363
cifar,8,evolving_prior,stage16_block1,0.8394269347190857,0.6778982281684875,0.49506723884529596,0.8075726428713492
cifar,8,evolving_prior,stage32_upsample,0.8394269347190857,0.6778982877731323,0.49506715722832556,0.8075727138777017
cifar,8,evolving_prior,stage32_position,0.8399021029472351,0.6778982877731323,0.49587241702825474,0.8071158357555865
cifar,8,evolving_prior,stage32_block0_attention,0.15634797513484955,0.029848778620362282,0.15347227679173897,0.1909124732483284
cifar,8,evolving_prior,stage32_block0_attention_residual,0.8646907210350037,0.6771193146705627,0.5377726998873241,0.7830768830965079
cifar,8,evolving_prior,stage32_block0_ffn,0.22463670372962952,0.14674505591392517,0.17008097256110785,0.6532550267944905
cifar,8,evolving_prior,stage32_block0,0.9021525382995605,0.6898266077041626,0.5813935445665934,0.7646451995849787
cifar,8,evolving_prior,stage32_block1_attention,0.18963710963726044,0.0222959965467453,0.18832185717425862,0.117571906624148
cifar,8,evolving_prior,stage32_block1_attention_residual,0.9144863486289978,0.6906089186668396,0.59945358726645,0.7551877835051378
cifar,8,evolving_prior,stage32_block1_ffn,0.2204044610261917,0.15267175436019897,0.15896371240262705,0.6926890392751908
cifar,8,evolving_prior,stage32_block1,0.975001871585846,0.7179729342460632,0.6596540875989481,0.7363810831237444
cifar,8,evolving_prior,output_projection,1.8372912406921387,0.8880230188369751,1.6084322246024927,0.4833327450592111
cifar,16,fixed_latent,input_projection,0.5807581543922424,0.5717719197273254,0.10176888377305025,0.9845267180547452
cifar,16,fixed_latent,stage8_position,0.58113032579422,0.5717719197273254,0.10387168704235605,0.9838962008150158
cifar,16,fixed_latent,stage8_block0_attention,0.058126602321863174,0.04383133724331856,0.03817742491245978,0.7540667352378907
cifar,16,fixed_latent,stage8_block0_attention_residual,0.5839362144470215,0.573341429233551,0.1107298878674898,0.9818562628051704
cifar,16,fixed_latent,stage8_block0_ffn,0.25774243474006653,0.19388620555400848,0.16982138252177262,0.7522479010859927
cifar,16,fixed_latent,stage8_block0,0.6352372765541077,0.6009088158607483,0.20599755470566433,0.9459596249143679
cifar,16,fixed_latent,stage8_block1_attention,0.21301674842834473,0.05284374579787254,0.20635811988151698,0.24807319700332528
cifar,16,fixed_latent,stage8_block1_attention_residual,0.6945686340332031,0.6039826273918152,0.34297313771143856,0.8695794739313587
cifar,16,fixed_latent,stage8_block1_ffn,0.530001699924469,0.22725144028663635,0.47880954962330924,0.42877492717291693
cifar,16,fixed_latent,stage8_block1,0.9935965538024902,0.6566467881202698,0.745687003627875,0.6608786892499627
cifar,16,fixed_latent,stage16_upsample,0.9935965538024902,0.6566467881202698,0.745687003627875,0.6608786892499627
cifar,16,fixed_latent,stage16_position,0.9941734671592712,0.6566467881202698,0.7464555435220641,0.6604951850068554
cifar,16,fixed_latent,stage16_block0_attention,0.20420634746551514,0.02492448501288891,0.20267955593016523,0.12205538820039848
cifar,16,fixed_latent,stage16_block0_attention_residual,1.0747796297073364,0.6577300429344177,0.8500249661364825,0.6119673510313163
cifar,16,fixed_latent,stage16_block0_ffn,0.24459172785282135,0.12146435678005219,0.21230054961312939,0.4966004281761367
cifar,16,fixed_latent,stage16_block0,1.1989960670471191,0.6730754971504211,0.9922504441572063,0.561365892390346
cifar,16,fixed_latent,stage16_block1_attention,0.32810211181640625,0.024644332006573677,0.3271752629376728,0.0751117750207098
cifar,16,fixed_latent,stage16_block1_attention_residual,1.332365870475769,0.6739805936813354,1.1493254422267039,0.5058524903828905
cifar,16,fixed_latent,stage16_block1_ffn,0.31909802556037903,0.10748959332704544,0.3004488928968098,0.3368544607516116
cifar,16,fixed_latent,stage16_block1,1.5342299938201904,0.6896782517433167,1.3704764073160047,0.44952729025068583
cifar,16,fixed_latent,stage32_upsample,1.5342299938201904,0.6896782517433167,1.3704764073160047,0.44952729025068583
cifar,16,fixed_latent,stage32_position,1.5348869562149048,0.6896782517433167,1.371211828067034,0.44933488355656626
cifar,16,fixed_latent,stage32_block0_attention,0.23808936774730682,0.014635770581662655,0.23763909874806638,0.061471752057387745
cifar,16,fixed_latent,stage32_block0_attention_residual,1.5599822998046875,0.6892419457435608,1.399460723254337,0.44182677318188485
cifar,16,fixed_latent,stage32_block0_ffn,0.2411705106496811,0.08456606417894363,0.2258579110775417,0.3506484435063556
cifar,16,fixed_latent,stage32_block0,1.6439781188964844,0.6907497048377991,1.4918206663928868,0.4201696463584703
cifar,16,fixed_latent,stage32_block1_attention,0.2378694713115692,0.009637847542762756,0.23767414095098338,0.040517379088713695
cifar,16,fixed_latent,stage32_block1_attention_residual,1.7020095586776733,0.6914558410644531,1.5552251790940173,0.4062584945772335
cifar,16,fixed_latent,stage32_block1_ffn,0.2716588079929352,0.0866202861070633,0.2574789971917572,0.3188569026972833
cifar,16,fixed_latent,stage32_block1,1.8224213123321533,0.7027202844619751,1.6814885195707192,0.3855970514099748
cifar,16,fixed_latent,output_projection,4.611686706542969,1.044294834136963,4.491892983887749,0.22644531178914176
cifar,16,evolving_prior,input_projection,0.5805516839027405,0.5715693235397339,0.10172888513415698,0.9845278885376355
cifar,16,evolving_prior,stage8_position,0.5809242725372314,0.5715693235397339,0.10383409272123759,0.9838964397947445
cifar,16,evolving_prior,stage8_block0_attention,0.058121148496866226,0.04382649436593056,0.038174681323985306,0.7540541695987579
cifar,16,evolving_prior,stage8_block0_attention_residual,0.5837302803993225,0.5731399655342102,0.11068703701209108,0.9818575201240758
cifar,16,evolving_prior,stage8_block0_ffn,0.25774285197257996,0.193894162774086,0.16981293055917593,0.7522775560608504
cifar,16,evolving_prior,stage8_block0,0.635054349899292,0.6007309556007385,0.2059522913420385,0.9459520365398701
cifar,16,evolving_prior,stage8_block1_attention,0.21301743388175964,0.05286000296473503,0.20635466368400315,0.24814871722694878
cifar,16,evolving_prior,stage8_block1_attention_residual,0.6944022178649902,0.6038118600845337,0.3429368422859709,0.8695419521282841
cifar,16,evolving_prior,stage8_block1_ffn,0.53003990650177,0.2272741049528122,0.478841083974948,0.4287867803252909
cifar,16,evolving_prior,stage8_block1,0.9935058951377869,0.6565093994140625,0.7456871811654818,0.6608007085081391
cifar,16,evolving_prior,stage16_upsample,0.9935059547424316,0.6565093994140625,0.7456872605788955,0.6608006688638961
cifar,16,evolving_prior,stage16_position,0.9940834641456604,0.6565093994140625,0.7464565239642718,0.66041677896562
cifar,16,evolving_prior,stage16_block0_attention,0.2042139321565628,0.02487831376492977,0.20269287010415277,0.1218247624058115
cifar,16,evolving_prior,stage16_block0_attention_residual,1.0747023820877075,0.6575889587402344,0.8500364529877099,0.6118800606571726
cifar,16,evolving_prior,stage16_block0_ffn,0.2445911467075348,0.1214473694562912,0.21230959822828058,0.4965321561761578
cifar,16,evolving_prior,stage16_block0,1.1989308595657349,0.6729329824447632,0.9922683140950476,0.5612775558121061
cifar,16,evolving_prior,stage16_block1_attention,0.32813477516174316,0.024579018354415894,0.3272129314791532,0.0749052530086166
cifar,16,evolving_prior,stage16_block1_attention_residual,1.3323262929916382,0.6738327145576477,1.149366270511151,0.5057565238351689
cifar,16,evolving_prior,stage16_block1_ffn,0.3191068172454834,0.10746931284666061,0.30046548488771374,0.3367816262100923
cifar,16,evolving_prior,stage16_block1,1.534218668937683,0.6895287036895752,1.3705389782509252,0.4494331333922664
cifar,16,evolving_prior,stage32_upsample,1.534218668937683,0.6895287036895752,1.3705389782509252,0.4494331333922664
cifar,16,evolving_prior,stage32_position,1.5348761081695557,0.6895287036895752,1.371274893745924,0.4492406260150112
cifar,16,evolving_prior,stage32_block0_attention,0.23808740079402924,0.01458662562072277,0.2376401497429624,0.06126584427431229
cifar,16,evolving_prior,stage32_block0_attention_residual,1.559971809387207,0.6890931129455566,1.399522321284587,0.4417343369918001
cifar,16,evolving_prior,stage32_block0_ffn,0.2411709874868393,0.08454299718141556,0.22586705566098025,0.3505521043903719
cifar,16,evolving_prior,stage32_block0,1.643976092338562,0.690595269203186,1.4918899310387972,0.4200762239922916
cifar,16,evolving_prior,stage32_block1_attention,0.2378782033920288,0.009616757743060589,0.23768373444459912,0.04042723379414443
cifar,16,evolving_prior,stage32_block1_attention_residual,1.702008605003357,0.6913001537322998,1.555293344985174,0.4061672495074937
cifar,16,evolving_prior,stage32_block1_ffn,0.2716695964336395,0.08660237491130829,0.25749640441399907,0.3187783103011403
cifar,16,evolving_prior,stage32_block1,1.8224258422851562,0.7025540471076965,1.6815628925262824,0.3855048753186893
cifar,16,evolving_prior,output_projection,4.611870288848877,1.0441415309906006,4.492117098254188,0.22640305680653008
cifar,32,fixed_latent,input_projection,0.580426812171936,0.5714484453201294,0.10169542088650305,0.9845314402030982
cifar,32,fixed_latent,stage8_position,0.5808159112930298,0.5714484453201294,0.10389320070322085,0.9838718847215355
cifar,32,fixed_latent,stage8_block0_attention,0.07884340733289719,0.06888344138860703,0.03835823747675962,0.8736740802913727
cifar,32,fixed_latent,stage8_block0_attention_residual,0.5868646502494812,0.5763108134269714,0.1107969495951419,0.9820165743190985
cifar,32,fixed_latent,stage8_block0_ffn,0.27819734811782837,0.25062111020088196,0.12075936245885685,0.9008752667718936
cifar,32,fixed_latent,stage8_block0,0.6540771126747131,0.6337183117866516,0.16191964251185093,0.9688740050774619
cifar,32,fixed_latent,stage8_block1_attention,0.13357707858085632,0.10395044088363647,0.08388767348242449,0.7782056771118379
cifar,32,fixed_latent,stage8_block1_attention_residual,0.681448221206665,0.6510287523269653,0.20132869102371553,0.9553605572176345
cifar,32,fixed_latent,stage8_block1_ffn,0.5422975420951843,0.47925421595573425,0.25377553201822406,0.8837477192024877
cifar,32,fixed_latent,stage8_block1,0.9888152480125427,0.9049397706985474,0.39854686814748264,0.9151757848773269
cifar,32,fixed_latent,stage16_upsample,0.9888152480125427,0.9049397706985474,0.39854686814748264,0.9151757848773269
cifar,32,fixed_latent,stage16_position,0.989353597164154,0.9049397706985474,0.39988067173809705,0.9146777990118322
cifar,32,fixed_latent,stage16_block0_attention,0.1596379280090332,0.10565730184316635,0.11966955597076186,0.6618558832534313
cifar,32,fixed_latent,stage16_block0_attention_residual,1.0154856443405151,0.916553258895874,0.4371970007548361,0.9025762835781981
cifar,32,fixed_latent,stage16_block0_ffn,0.23027615249156952,0.19864115118980408,0.11648518987540853,0.862621461408499
cifar,32,fixed_latent,stage16_block0,1.1189916133880615,1.004964828491211,0.4921259232436836,0.8980986242143474
cifar,32,fixed_latent,stage16_block1_attention,0.23363617062568665,0.15527161955833435,0.17457544038142034,0.6645872475246919
cifar,32,fixed_latent,stage16_block1_attention_residual,1.158419132232666,1.024113655090332,0.5414112183730619,0.8840614131747964
cifar,32,fixed_latent,stage16_block1_ffn,0.27296096086502075,0.22350893914699554,0.15668899220347304,0.8188311560696797
cifar,32,fixed_latent,stage16_block1,1.2917201519012451,1.136529564857483,0.6138741719869278,0.8798574235949314
cifar,32,fixed_latent,stage32_upsample,1.2917201519012451,1.136529564857483,0.6138741719869278,0.8798574235949314
cifar,32,fixed_latent,stage32_position,1.2922308444976807,1.136529564857483,0.6149480495749616,0.8795097019211592
cifar,32,fixed_latent,stage32_block0_attention,0.19209419190883636,0.12328657507896423,0.14731123165056956,0.641802721122736
cifar,32,fixed_latent,stage32_block0_attention_residual,1.2983605861663818,1.1235008239746094,0.6507581042435695,0.8653226506913045
cifar,32,fixed_latent,stage32_block0_ffn,0.21424679458141327,0.16868849098682404,0.1320828603453093,0.7873559616908192
cifar,32,fixed_latent,stage32_block0,1.3457815647125244,1.162650465965271,0.6777698089401952,0.8639221226169995
cifar,32,fixed_latent,stage32_block1_attention,0.23490013182163239,0.0995851531624794,0.2127460204079639,0.4239467742746853
cifar,32,fixed_latent,stage32_block1_attention_residual,1.3939322233200073,1.185977816581726,0.7324641027285231,0.8508145494743033
cifar,32,fixed_latent,stage32_block1_ffn,0.21828095614910126,0.15658648312091827,0.152076458142568,0.7173620909648145
cifar,32,fixed_latent,stage32_block1,1.4534305334091187,1.2167706489562988,0.7949399369036523,0.8371715200603924
cifar,32,fixed_latent,output_projection,3.288186550140381,2.644050121307373,1.95478125234988,0.8041058744658183
cifar,32,evolving_prior,input_projection,0.5798797607421875,0.5709236264228821,0.10152216364204421,0.9845551872549535
cifar,32,evolving_prior,stage8_position,0.5802701115608215,0.5709236264228821,0.10372856483608385,0.9838928716959088
cifar,32,evolving_prior,stage8_block0_attention,0.07891074568033218,0.06896363198757172,0.03835261721067859,0.8739447510348429
cifar,32,evolving_prior,stage8_block0_attention_residual,0.5863353610038757,0.5758040547370911,0.11062931850043331,0.9820387666049105
cifar,32,evolving_prior,stage8_block0_ffn,0.27840739488601685,0.2508242130279541,0.12082173515608033,0.9009251105942944
cifar,32,evolving_prior,stage8_block0,0.6537462472915649,0.6333929300308228,0.1618565785959077,0.9688666400073961
cifar,32,evolving_prior,stage8_block1_attention,0.1337306946516037,0.10413284599781036,0.08390619212189751,0.7786757278805596
cifar,32,evolving_prior,stage8_block1_attention_residual,0.6812204718589783,0.6507952213287354,0.20131296822473055,0.9553371459210325
cifar,32,evolving_prior,stage8_block1_ffn,0.5427764058113098,0.4797346889972687,0.2538914234040559,0.8838532476005287
cifar,32,evolving_prior,stage8_block1,0.9891992211341858,0.9052932262420654,0.39869696965579304,0.9151778599300591
cifar,32,evolving_prior,stage16_upsample,0.9891992211341858,0.9052932262420654,0.39869696965579304,0.9151778599300591
cifar,32,evolving_prior,stage16_position,0.9897398948669434,0.9052932262420654,0.40003654084528406,0.9146779178420098
cifar,32,evolving_prior,stage16_block0_attention,0.1596841663122177,0.10576248168945312,0.11963833180764474,0.662322909853593
cifar,32,evolving_prior,stage16_block0_attention_residual,1.0158698558807373,0.916924774646759,0.4373105552420844,0.902600632688136
cifar,32,evolving_prior,stage16_block0_ffn,0.23028822243213654,0.19866134226322174,0.11647461732552832,0.8626639268179036
cifar,32,evolving_prior,stage16_block0,1.1194312572479248,1.0054073333740234,0.4922219354126804,0.898141200600183
cifar,32,evolving_prior,stage16_block1_attention,0.23370273411273956,0.15540644526481628,0.17454456365617207,0.6649748701264544
cifar,32,evolving_prior,stage16_block1_attention_residual,1.158861756324768,1.0245766639709473,0.5414824373128742,0.8841232859563037
cifar,32,evolving_prior,stage16_block1_ffn,0.2729661464691162,0.22354687750339508,0.15664389766818584,0.8189545861090416
cifar,32,evolving_prior,stage16_block1,1.2922155857086182,1.1370681524276733,0.6139194871340904,0.8799368812783156
cifar,32,evolving_prior,stage32_upsample,1.2922155857086182,1.1370681524276733,0.6139194871340904,0.8799368812783156
cifar,32,evolving_prior,stage32_position,1.2927275896072388,1.1370681524276733,0.6149964533771386,0.8795883692504324
cifar,32,evolving_prior,stage32_block0_attention,0.19211438298225403,0.12333651632070541,0.147295756525857,0.6419952239187539
cifar,32,evolving_prior,stage32_block0_attention_residual,1.298834204673767,1.1240118741989136,0.6508207110183132,0.8654005801157937
cifar,32,evolving_prior,stage32_block0_ffn,0.21422775089740753,0.16868671774864197,0.13205423321405374,0.7874176760107289
cifar,32,evolving_prior,stage32_block0,1.3462601900100708,1.1631630659103394,0.6778408229872346,0.8639957376305083
cifar,32,evolving_prior,stage32_block1_attention,0.23491880297660828,0.09963265061378479,0.21274439810165152,0.42411526600408217
cifar,32,evolving_prior,stage32_block1_attention_residual,1.394428014755249,1.1865267753601074,0.732518736748631,0.8509057210589444
cifar,32,evolving_prior,stage32_block1_ffn,0.21825921535491943,0.1565982699394226,0.1520331113255426,0.7174875511431319
cifar,32,evolving_prior,stage32_block1,1.4539021253585815,1.2173227071762085,0.7949571162744488,0.8372796806222258
cifar,32,evolving_prior,output_projection,3.2899084091186523,2.646284818649292,1.9546544449021943,0.80436428300392
cifar,64,fixed_latent,input_projection,0.5785656571388245,0.5695863366127014,0.10153632239057202,0.9844800319283927
cifar,64,fixed_latent,stage8_position,0.5789848566055298,0.5695863366127014,0.10389836053878945,0.9837672438482589
cifar,64,fixed_latent,stage8_block0_attention,0.06977644562721252,0.05958416312932968,0.03631087810208912,0.8539294685152622
cifar,64,fixed_latent,stage8_block0_attention_residual,0.5832148194313049,0.5727658867835999,0.10990343280028195,0.982083904078614
cifar,64,fixed_latent,stage8_block0_ffn,0.22407163679599762,0.20795120298862457,0.0834529543636493,0.9280567855982164
cifar,64,fixed_latent,stage8_block0,0.5984935760498047,0.5846073627471924,0.12817484930615666,0.9767980578935124
cifar,64,fixed_latent,stage8_block1_attention,0.1001671776175499,0.07857873290777206,0.062119612092114744,0.7844758610230084
cifar,64,fixed_latent,stage8_block1_attention_residual,0.6068055033683777,0.5883135795593262,0.1486608590861852,0.969525780985171
cifar,64,fixed_latent,stage8_block1_ffn,0.25385162234306335,0.22165440022945404,0.12373347576596345,0.873165190687271
cifar,64,fixed_latent,stage8_block1,0.6535696387290955,0.6173965930938721,0.2144171623367871,0.9446531119383637
cifar,64,fixed_latent,stage16_upsample,0.6535695791244507,0.6173965930938721,0.214416980654498,0.9446531980894254
cifar,64,fixed_latent,stage16_position,0.6542664766311646,0.6173965930938721,0.21653191284297552,0.9436469926945723
cifar,64,fixed_latent,stage16_block0_attention,0.10530416667461395,0.04600619524717331,0.0947227402365126,0.4368886502784907
cifar,64,fixed_latent,stage16_block0_attention_residual,0.6626908183097839,0.6172105073928833,0.24126812934142505,0.9313702413549357
cifar,64,fixed_latent,stage16_block0_ffn,0.20214152336120605,0.1771283745765686,0.09739986851455097,0.876259224880078
cifar,64,fixed_latent,stage16_block0,0.681984007358551,0.6272242665290833,0.26775344212517926,0.9197052420018436
cifar,64,fixed_latent,stage16_block1_attention,0.16397252678871155,0.04745440185070038,0.15695562840008948,0.2894045897813615
cifar,64,fixed_latent,stage16_block1_attention_residual,0.6973473429679871,0.6274638772010803,0.3042735603898225,0.8997867182378941
cifar,64,fixed_latent,stage16_block1_ffn,0.2005111277103424,0.1680169403553009,0.10943043493158794,0.8379432217747911
cifar,64,fixed_latent,stage16_block1,0.7216278314590454,0.6410398483276367,0.33138292048982393,0.8883247297038567
cifar,64,fixed_latent,stage32_upsample,0.7216278314590454,0.6410398483276367,0.33138292048982393,0.8883247297038567
cifar,64,fixed_latent,stage32_position,0.7222414016723633,0.6410398483276367,0.33271692945466497,0.887570065691744
cifar,64,fixed_latent,stage32_block0_attention,0.18924406170845032,0.03794033080339432,0.1854018505582961,0.20048360017681954
cifar,64,fixed_latent,stage32_block0_attention_residual,0.7352035641670227,0.6375492811203003,0.3661354870903417,0.8671738171490455
cifar,64,fixed_latent,stage32_block0_ffn,0.2135939747095108,0.16171111166477203,0.13954175861135895,0.7570958491909718
cifar,64,fixed_latent,stage32_block0,0.7404155135154724,0.6451226472854614,0.3633619443664661,0.8712981231611922
cifar,64,fixed_latent,stage32_block1_attention,0.20317353308200836,0.03398776426911354,0.20031054995933967,0.16728440832593497
cifar,64,fixed_latent,stage32_block1_attention_residual,0.7889664173126221,0.6449667811393738,0.4544071509932801,0.8174831868462286
cifar,64,fixed_latent,stage32_block1_ffn,0.19283424317836761,0.14944428205490112,0.12186653315520621,0.7749882987155363
cifar,64,fixed_latent,stage32_block1,0.8073338866233826,0.6617804169654846,0.46242262510760224,0.8197109373586867
cifar,64,fixed_latent,output_projection,0.5189356207847595,0.46703577041625977,0.22621177615445762,0.8999878823311179
cifar,64,evolving_prior,input_projection,0.576818585395813,0.5679013133049011,0.10103355286534932,0.9845405950559085
cifar,64,evolving_prior,stage8_position,0.5772415995597839,0.5679013133049011,0.10342128702016082,0.9838191040597111
cifar,64,evolving_prior,stage8_block0_attention,0.06998816877603531,0.05984508991241455,0.03628924058171818,0.8550743784127431
cifar,64,evolving_prior,stage8_block0_attention_residual,0.5815128087997437,0.5711226463317871,0.10943523036547069,0.9821325303402997
cifar,64,evolving_prior,stage8_block0_ffn,0.22417685389518738,0.2080317735671997,0.08353468147320332,0.9279806097397717
cifar,64,evolving_prior,stage8_block0,0.5970209240913391,0.583156943321228,0.1279138900163643,0.9767780655406476
cifar,64,evolving_prior,stage8_block1_attention,0.10056105256080627,0.07899639755487442,0.062226155798743285,0.7855565901829403
cifar,64,evolving_prior,stage8_block1_attention_residual,0.6054002046585083,0.5868959426879883,0.1485347106131806,0.9694346618515635
cifar,64,evolving_prior,stage8_block1_ffn,0.25395432114601135,0.22171436250209808,0.12383674208012625,0.8730481982018456
cifar,64,evolving_prior,stage8_block1,0.6524534821510315,0.6161665916442871,0.21455600134339917,0.9443839423048024
cifar,64,evolving_prior,stage16_upsample,0.6524534821510315,0.6161665916442871,0.21455600134339917,0.9443839423048024
cifar,64,evolving_prior,stage16_position,0.6531562805175781,0.6161665916442871,0.21668377447566198,0.9433677819893588
cifar,64,evolving_prior,stage16_block0_attention,0.10548631846904755,0.046364352107048035,0.09475077961603795,0.4395295312221229
cifar,64,evolving_prior,stage16_block0_attention_residual,0.6616015434265137,0.6159830689430237,0.24141553603668342,0.9310484158679159
cifar,64,evolving_prior,stage16_block0_ffn,0.2021172046661377,0.1770591288805008,0.09747527533755215,0.8760220544954178
cifar,64,evolving_prior,stage16_block0,0.6809697151184082,0.6260467171669006,0.26792771568651264,0.9193459022741453
cifar,64,evolving_prior,stage16_block1_attention,0.16426746547222137,0.047770995646715164,0.15716784718125065,0.29081227685218974
cifar,64,evolving_prior,stage16_block1_attention_residual,0.6964304447174072,0.6262986063957214,0.3045741616684889,0.8992981440520691
cifar,64,evolving_prior,stage16_block1_ffn,0.20049896836280823,0.16792868077754974,0.10954357346217153,0.8375538395473353
cifar,64,evolving_prior,stage16_block1,0.7207794785499573,0.6399167776107788,0.33170706117142784,0.8878121487284076
cifar,64,evolving_prior,stage32_upsample,0.7207794785499573,0.6399167776107788,0.33170706117142784,0.8878121487284076
cifar,64,evolving_prior,stage32_position,0.7213960886001587,0.6399167776107788,0.33304479335345427,0.8870532953020478
cifar,64,evolving_prior,stage32_block0_attention,0.18935616314411163,0.03796246647834778,0.18551174534120404,0.20048181082680694
cifar,64,evolving_prior,stage32_block0_attention_residual,0.7343432903289795,0.6364142298698425,0.36638367331305455,0.866644031818871
cifar,64,evolving_prior,stage32_block0_ffn,0.21359212696552277,0.16161662340164185,0.1396483574622626,0.756660021592132
cifar,64,evolving_prior,stage32_block0,0.7395858764648438,0.6440091729164124,0.3636474307152322,0.870769971966907
cifar,64,evolving_prior,stage32_block1_attention,0.20331598818302155,0.03422218933701515,0.2004151511433705,0.16832020758844074
cifar,64,evolving_prior,stage32_block1_attention_residual,0.7883039712905884,0.6438648700714111,0.4548199426591117,0.8167723283409245
cifar,64,evolving_prior,stage32_block1_ffn,0.19282053411006927,0.1493169367313385,0.1220008638480148,0.7743829640369253
cifar,64,evolving_prior,stage32_block1,0.8066153526306152,0.6606473922729492,0.46278866686897563,0.8190364714958368
cifar,64,evolving_prior,output_projection,0.5193391442298889,0.46669143438339233,0.22784260313340254,0.8986255697621904
cifar,128,fixed_latent,input_projection,0.573654055595398,0.564691960811615,0.10100477659883914,0.9843771787258069
cifar,128,fixed_latent,stage8_position,0.5740529894828796,0.5646920204162598,0.10324609829157509,0.9836931969032119
cifar,128,fixed_latent,stage8_block0_attention,0.0695139467716217,0.05952203646302223,0.03590704625923034,0.8562603510137831
cifar,128,fixed_latent,stage8_block0_attention_residual,0.5778056383132935,0.5674365758895874,0.10897287740228305,0.9820544111442474
cifar,128,fixed_latent,stage8_block0_ffn,0.24784031510353088,0.2379075586795807,0.0694608905337338,0.9599227574424243
cifar,128,fixed_latent,stage8_block0,0.5613340735435486,0.5505648851394653,0.10942691338222675,0.9808150103269159
cifar,128,fixed_latent,stage8_block1_attention,0.10361837595701218,0.09496365487575531,0.041456870222041045,0.9164750363888406
cifar,128,fixed_latent,stage8_block1_attention_residual,0.565690815448761,0.5536520481109619,0.1160840570690966,0.9787184677406354
cifar,128,fixed_latent,stage8_block1_ffn,0.31175678968429565,0.27869221568107605,0.13972453196568863,0.8939411262327186
cifar,128,fixed_latent,stage8_block1,0.631455659866333,0.6006342768669128,0.194871023576587,0.9511899489412377
cifar,128,fixed_latent,stage16_upsample,0.631455659866333,0.6006342172622681,0.1948712072907863,0.9511898545487909
cifar,128,fixed_latent,stage16_position,0.6323160529136658,0.6006342172622681,0.19764141222441295,0.9498955696199549
cifar,128,fixed_latent,stage16_block0_attention,0.1161106526851654,0.07252450287342072,0.0906745838145304,0.6246154094927987
cifar,128,fixed_latent,stage16_block0_attention_residual,0.6399046182632446,0.6013236045837402,0.2188329112474777,0.9397081805969513
cifar,128,fixed_latent,stage16_block0_ffn,0.20861484110355377,0.18001042306423187,0.10543433746601363,0.862884069570472
cifar,128,fixed_latent,stage16_block0,0.6543865203857422,0.6026480197906494,0.25502368969366046,0.92093587049349
cifar,128,fixed_latent,stage16_block1_attention,0.15164022147655487,0.07052972167730331,0.1342397673179626,0.4651122307164919
cifar,128,fixed_latent,stage16_block1_attention_residual,0.6692074537277222,0.6049153208732605,0.2862098368287535,0.9039279486557842
cifar,128,fixed_latent,stage16_block1_ffn,0.21341851353645325,0.16715560853481293,0.1326893532106689,0.7832291855329677
cifar,128,fixed_latent,stage16_block1,0.7020488977432251,0.6187416911125183,0.33170977450430716,0.8813370309411461
cifar,128,fixed_latent,stage32_upsample,0.7020488977432251,0.6187416911125183,0.33170977450430716,0.8813370309411461
cifar,128,fixed_latent,stage32_position,0.7029369473457336,0.6187416911125183,0.33358517896177536,0.8802236010624654
cifar,128,fixed_latent,stage32_block0_attention,0.2479729801416397,0.08277465403079987,0.23374977118792528,0.3338051346703976
cifar,128,fixed_latent,stage32_block0_attention_residual,0.7560476660728455,0.6195838451385498,0.4332711993861655,0.8195036807095344
cifar,128,fixed_latent,stage32_block0_ffn,0.2099696546792984,0.155557319521904,0.14102899074057107,0.740856195432134
cifar,128,fixed_latent,stage32_block0,0.7606460452079773,0.6195743680000305,0.4412595705567178,0.8145370266542638
cifar,128,fixed_latent,stage32_block1_attention,0.35191866755485535,0.09800213575363159,0.3379975295195389,0.27847950333113686
cifar,128,fixed_latent,stage32_block1_attention_residual,0.8867073655128479,0.6208871006965637,0.6330475181559047,0.7002164692039737
cifar,128,fixed_latent,stage32_block1_ffn,0.19186843931674957,0.1314508467912674,0.13976470542917463,0.6851092720583364
cifar,128,fixed_latent,stage32_block1,0.8994246125221252,0.6263416409492493,0.6454926664367124,0.6963803661019358
cifar,128,fixed_latent,output_projection,0.49315395951271057,0.47393885254859924,0.13631871415173077,0.9610362918243667
cifar,128,evolving_prior,input_projection,0.5692552328109741,0.5603675842285156,0.10019825661444312,0.9843872342840462
cifar,128,evolving_prior,stage8_position,0.5696584582328796,0.5603675842285156,0.10246428442222646,0.983690448425562
cifar,128,evolving_prior,stage8_block0_attention,0.07013211399316788,0.06023789197206497,0.03591531405838635,0.8589202369963241
cifar,128,evolving_prior,stage8_block0_attention_residual,0.5735394358634949,0.5632341504096985,0.10823482019609536,0.9820321240190202
cifar,128,evolving_prior,stage8_block0_ffn,0.2483014017343521,0.23834335803985596,0.06961343104264542,0.959895338387377
cifar,128,evolving_prior,stage8_block0,0.5579884648323059,0.5472612977027893,0.10888617415711006,0.9807752887279839
cifar,128,evolving_prior,stage8_block1_attention,0.10605961084365845,0.0975661426782608,0.04158712367059699,0.9199179772786665
cifar,128,evolving_prior,stage8_block1_attention_residual,0.5626491904258728,0.5506375432014465,0.11563912618125916,0.9786516226650311
cifar,128,evolving_prior,stage8_block1_ffn,0.31271296739578247,0.27973052859306335,0.13978637755704623,0.8945280744914708
cifar,128,evolving_prior,stage8_block1,0.6301356554031372,0.5992633700370789,0.1948187812869806,0.9510069219201579
cifar,128,evolving_prior,stage16_upsample,0.6301356554031372,0.5992633700370789,0.1948187812869806,0.9510069219201579
cifar,128,evolving_prior,stage16_position,0.631006121635437,0.5992633700370789,0.1976161402143029,0.9496950179879594
cifar,128,evolving_prior,stage16_block0_attention,0.11726516485214233,0.07438284158706665,0.09065490480516465,0.6343131967695157
cifar,128,evolving_prior,stage16_block0_attention_residual,0.6387770175933838,0.600136399269104,0.21879757877502376,0.9395084399406545
cifar,128,evolving_prior,stage16_block0_ffn,0.20869846642017365,0.1800392121076584,0.10555061340317232,0.8626762582202427
cifar,128,evolving_prior,stage16_block0,0.6535804867744446,0.6017836928367615,0.25499772494685174,0.9207491732298939
cifar,128,evolving_prior,stage16_block1_attention,0.1526562124490738,0.07240010052919388,0.13439547850526584,0.4742689430562585
cifar,128,evolving_prior,stage16_block1_attention_residual,0.6686266660690308,0.6042742133140564,0.28620673245447154,0.9037542831886839
cifar,128,evolving_prior,stage16_block1_ffn,0.21341490745544434,0.1670491248369217,0.13281759151345285,0.7827434682452881
cifar,128,evolving_prior,stage16_block1,0.701766312122345,0.6184488534927368,0.33165791479070095,0.8812746391635244
cifar,128,evolving_prior,stage32_upsample,0.701766312122345,0.6184489130973816,0.3316578036447565,0.8812747240986998
cifar,128,evolving_prior,stage32_position,0.7026538252830505,0.6184488534927368,0.33353172832344313,0.8801615123117086
cifar,128,evolving_prior,stage32_block0_attention,0.24889762699604034,0.08485743403434753,0.23398556496794068,0.34093307782198146
cifar,128,evolving_prior,stage32_block0_attention_residual,0.7561612129211426,0.6196350455284119,0.43339611244146675,0.8194483331599176
cifar,128,evolving_prior,stage32_block0_ffn,0.20998121798038483,0.15560300648212433,0.14099580234265793,0.7410329741808613
cifar,128,evolving_prior,stage32_block0,0.760847806930542,0.6196367144584656,0.44151979276826686,0.8144029710202376
cifar,128,evolving_prior,stage32_block1_attention,0.35293009877204895,0.10108569264411926,0.3381439595230216,0.2864184522539367
cifar,128,evolving_prior,stage32_block1_attention_residual,0.887152373790741,0.6210868954658508,0.6334748634343259,0.7000904397200555
cifar,128,evolving_prior,stage32_block1_ffn,0.19192491471767426,0.13153402507305145,0.13976399084695745,0.6853410630221766
cifar,128,evolving_prior,stage32_block1,0.8996033072471619,0.6261152029037476,0.6459611931864255,0.6959903302486696
cifar,128,evolving_prior,output_projection,0.49735376238822937,0.477999210357666,0.13739548704078702,0.9610849389424033
cifar,256,fixed_latent,input_projection,0.5702458620071411,0.5612683296203613,0.10078792239865277,0.9842567338319986
cifar,256,fixed_latent,stage8_position,0.5706974267959595,0.5612683296203613,0.10331222152629836,0.9834779399154899
cifar,256,fixed_latent,stage8_block0_attention,0.06685200333595276,0.056621670722961426,0.035541197990089916,0.846970440637648
cifar,256,fixed_latent,stage8_block0_attention_residual,0.5735347867012024,0.5631157755851746,0.1088245139823792,0.9818336893286721
cifar,256,fixed_latent,stage8_block0_ffn,0.2817089259624481,0.26182132959365845,0.10396879501429719,0.9294037407553046
cifar,256,fixed_latent,stage8_block0,0.5371963381767273,0.5210258960723877,0.13081254287127903,0.9698984506126327
cifar,256,fixed_latent,stage8_block1_attention,0.1373647153377533,0.11013361811637878,0.08209537855700307,0.8017606111262379
cifar,256,fixed_latent,stage8_block1_attention_residual,0.5452441573143005,0.5208114385604858,0.16138970397748115,0.9551893983162286
cifar,256,fixed_latent,stage8_block1_ffn,0.28100958466529846,0.24815380573272705,0.1318562678606046,0.8830795078690825
cifar,256,fixed_latent,stage8_block1,0.5757502913475037,0.5319558382034302,0.2202530004063994,0.9239349874377387
cifar,256,fixed_latent,stage16_upsample,0.5757502913475037,0.5319558382034302,0.2202530004063994,0.9239349874377387
cifar,256,fixed_latent,stage16_position,0.5768952369689941,0.5319558382034302,0.2232288078156534,0.9221012830654047
cifar,256,fixed_latent,stage16_block0_attention,0.11009971797466278,0.04548175260424614,0.10026643545148313,0.4130959955293695
cifar,256,fixed_latent,stage16_block0_attention_residual,0.5871827602386475,0.5295178890228271,0.2537605153019001,0.9017939981882579
cifar,256,fixed_latent,stage16_block0_ffn,0.22333645820617676,0.18368978798389435,0.12703241851791724,0.8224800798726649
cifar,256,fixed_latent,stage16_block0,0.586466908454895,0.5054979920387268,0.2973469602290521,0.861937791802288
cifar,256,fixed_latent,stage16_block1_attention,0.16613268852233887,0.046715062111616135,0.15942952414019276,0.28119127263346877
cifar,256,fixed_latent,stage16_block1_attention_residual,0.6139593720436096,0.5060239434242249,0.3476864668082155,0.8241977669302227
cifar,256,fixed_latent,stage16_block1_ffn,0.23028042912483215,0.16050657629966736,0.16512636071347273,0.6970048514746285
cifar,256,fixed_latent,stage16_block1,0.641832709312439,0.49879127740859985,0.40392634022113855,0.7771359579709303
cifar,256,fixed_latent,stage32_upsample,0.641832709312439,0.49879130721092224,0.4039263034195287,0.7771360044040926
cifar,256,fixed_latent,stage32_position,0.6430785059928894,0.49879130721092224,0.4059029400249105,0.7756305063264507
cifar,256,fixed_latent,stage32_block0_attention,0.2949645221233368,0.04369967430830002,0.29170945781170166,0.14815230656799935
cifar,256,fixed_latent,stage32_block0_attention_residual,0.7248278260231018,0.49755123257637024,0.527084574180568,0.6864405790079481
cifar,256,fixed_latent,stage32_block0_ffn,0.21130281686782837,0.13145184516906738,0.16543667313484803,0.6221017169463083
cifar,256,fixed_latent,stage32_block0,0.729756772518158,0.4927557110786438,0.5382720095226007,0.6752328030862954
cifar,256,fixed_latent,stage32_block1_attention,0.41337841749191284,0.03990538418292999,0.4114477808438526,0.09653475482597174
cifar,256,fixed_latent,stage32_block1_attention_residual,0.9221951961517334,0.4940030574798584,0.77872007743854,0.5356816642954814
cifar,256,fixed_latent,stage32_block1_ffn,0.19279003143310547,0.10125800222158432,0.16405734730901697,0.5252242632509708
cifar,256,fixed_latent,stage32_block1,0.9446982145309448,0.5063906311988831,0.7975106552090397,0.5360342841870541
cifar,256,fixed_latent,output_projection,0.33112046122550964,0.2547883689403534,0.21147966071210866,0.7694733451305196
cifar,256,evolving_prior,input_projection,0.5655472874641418,0.5566605925559998,0.09986350210788685,0.9842865572780144
cifar,256,evolving_prior,stage8_position,0.5660016536712646,0.5566605925559998,0.10240535461492939,0.9834964066718254
cifar,256,evolving_prior,stage8_block0_attention,0.06757912039756775,0.05747273191809654,0.03555028269338465,0.8504510206700626
cifar,256,evolving_prior,stage8_block0_attention_residual,0.5689884424209595,0.5586492419242859,0.10797625714040199,0.9818288040216039
cifar,256,evolving_prior,stage8_block0_ffn,0.28190088272094727,0.2620081603527069,0.10401841946232161,0.9294336286703575
cifar,256,evolving_prior,stage8_block0,0.5337104201316833,0.5175636410713196,0.13028695252455721,0.9697461798546488
cifar,256,evolving_prior,stage8_block1_attention,0.14031417667865753,0.11308609694242477,0.0830638480648352,0.8059491893068687
cifar,256,evolving_prior,stage8_block1_attention_residual,0.5422941446304321,0.5176522135734558,0.16161412402062306,0.9545598430280497
cifar,256,evolving_prior,stage8_block1_ffn,0.28072962164878845,0.24815575778484344,0.13125486790706858,0.883967129394357
cifar,256,evolving_prior,stage8_block1,0.5731588006019592,0.5293461084365845,0.21978104602199028,0.9235592437569474
cifar,256,evolving_prior,stage16_upsample,0.5731588006019592,0.5293461084365845,0.21978104602199028,0.9235592437569474
cifar,256,evolving_prior,stage16_position,0.5743148326873779,0.5293461084365845,0.2227784202470577,0.9217002213918586
cifar,256,evolving_prior,stage16_block0_attention,0.11049752682447433,0.046161774545907974,0.10039319700606306,0.4177629660366616
cifar,256,evolving_prior,stage16_block0_attention_residual,0.5846434235572815,0.5269650220870972,0.25321097568139506,0.9013443080925494
cifar,256,evolving_prior,stage16_block0_ffn,0.22344529628753662,0.1836676001548767,0.1272556996223484,0.8219801589312818
cifar,256,evolving_prior,stage16_block0,0.5840309262275696,0.5030465722084045,0.296709064538998,0.8613355040249885
cifar,256,evolving_prior,stage16_block1_attention,0.1667679399251938,0.04758426547050476,0.1598351759361048,0.2853322136847729
cifar,256,evolving_prior,stage16_block1_attention_residual,0.6117557287216187,0.503747820854187,0.34710690659849536,0.8234460213504907
cifar,256,evolving_prior,stage16_block1_ffn,0.2304481714963913,0.1603936105966568,0.1654697840265654,0.6960073041810553
cifar,256,evolving_prior,stage16_block1,0.6397203207015991,0.49664026498794556,0.40322516775526307,0.7763396736299799
cifar,256,evolving_prior,stage32_upsample,0.6397203207015991,0.49664026498794556,0.40322516775526307,0.7763396736299799
cifar,256,evolving_prior,stage32_position,0.6409687995910645,0.49664026498794556,0.40520297289372564,0.7748275193812867
cifar,256,evolving_prior,stage32_block0_attention,0.2955285310745239,0.044461753219366074,0.2921647911363141,0.15044825979307588
cifar,256,evolving_prior,stage32_block0_attention_residual,0.7230469584465027,0.49549397826194763,0.5265763207977426,0.6852860280700684
cifar,256,evolving_prior,stage32_block0_ffn,0.21122261881828308,0.13114029169082642,0.16558145607434027,0.6208629190590981
cifar,256,evolving_prior,stage32_block0,0.7281954884529114,0.4906533360481262,0.5380780363739248,0.673793430237455
cifar,256,evolving_prior,stage32_block1_attention,0.4140155017375946,0.04089230298995972,0.41199108635407333,0.09876998039526909
cifar,256,evolving_prior,stage32_block1_attention_residual,0.9213333129882812,0.4920375943183899,0.778944208142877,0.5340494991139524
cifar,256,evolving_prior,stage32_block1_ffn,0.19269658625125885,0.10091503709554672,0.1641588548963877,0.5236991430868562
cifar,256,evolving_prior,stage32_block1,0.943784236907959,0.5043033361434937,0.797751108423223,0.5343417662872822
cifar,256,evolving_prior,output_projection,0.3322835862636566,0.2548735737800598,0.21319437865201168,0.7670363036765397
cifar,512,fixed_latent,input_projection,0.5667101740837097,0.557735800743103,0.10045495497703559,0.9841640864219229
cifar,512,fixed_latent,stage8_position,0.5672423839569092,0.557735800743103,0.1034151764808592,0.9832407036521299
cifar,512,fixed_latent,stage8_block0_attention,0.09386507421731949,0.08668252825737,0.036010990721349896,0.923480101413224
cifar,512,fixed_latent,stage8_block0_attention_residual,0.5739928483963013,0.5635396838188171,0.10904501259336395,0.9817886849867736
cifar,512,fixed_latent,stage8_block0_ffn,0.34113019704818726,0.3260937035083771,0.10016340584427892,0.9559215406026158
cifar,512,fixed_latent,stage8_block0,0.5424593091011047,0.528127133846283,0.12387022453260596,0.9735792620490351
cifar,512,fixed_latent,stage8_block1_attention,0.20098091661930084,0.19021980464458466,0.06488262299036937,0.9464570459935758
cifar,512,fixed_latent,stage8_block1_attention_residual,0.569665789604187,0.5517427325248718,0.1417711851941346,0.9685375927317517
cifar,512,fixed_latent,stage8_block1_ffn,0.6161490082740784,0.5220916271209717,0.3272001425539215,0.8473463725656641
cifar,512,fixed_latent,stage8_block1,0.8423706889152527,0.7529133558273315,0.37776958077693795,0.8938028895531512
cifar,512,fixed_latent,stage16_upsample,0.8423706889152527,0.7529133558273315,0.37776958077693795,0.8938028895531512
cifar,512,fixed_latent,stage16_position,0.843562126159668,0.7529133558273315,0.3804188997773975,0.8925404928442952
cifar,512,fixed_latent,stage16_block0_attention,0.15732556581497192,0.10495360940694809,0.11720099629036794,0.6671109610397483
cifar,512,fixed_latent,stage16_block0_attention_residual,0.8605042695999146,0.7497751712799072,0.42226151912276855,0.871320686913628
cifar,512,fixed_latent,stage16_block0_ffn,0.260120689868927,0.21156425774097443,0.15133848864184235,0.8133311419694457
cifar,512,fixed_latent,stage16_block0,0.8394110798835754,0.7020299434661865,0.46017922542002393,0.8363362842000568
cifar,512,fixed_latent,stage16_block1_attention,0.19361890852451324,0.10820968449115753,0.16055823217931856,0.5588797360535558
cifar,512,fixed_latent,stage16_block1_attention_residual,0.8769605755805969,0.7076793909072876,0.5179283066291533,0.8069683069147827
cifar,512,fixed_latent,stage16_block1_ffn,0.2556914985179901,0.16797621548175812,0.19277482576000765,0.6569487701208788
cifar,512,fixed_latent,stage16_block1,0.9176234602928162,0.6948431134223938,0.599354538323717,0.7572203016699981
cifar,512,fixed_latent,stage32_upsample,0.9176234602928162,0.6948431134223938,0.599354538323717,0.7572203016699981
cifar,512,fixed_latent,stage32_position,0.91886967420578,0.6948431134223938,0.6012607802813275,0.7561933241762251
cifar,512,fixed_latent,stage32_block0_attention,0.307963103055954,0.09195994585752487,0.2939126421264203,0.2986070244941538
cifar,512,fixed_latent,stage32_block0_attention_residual,1.0188759565353394,0.699103832244873,0.7411896157842035,0.6861520558617921
cifar,512,fixed_latent,stage32_block0_ffn,0.2135893851518631,0.1570359319448471,0.14477617734891424,0.7352234842250882
cifar,512,fixed_latent,stage32_block0,1.003238320350647,0.6647981405258179,0.7513524870348153,0.6626522602261254
cifar,512,fixed_latent,stage32_block1_attention,0.4462698996067047,0.10733761638402939,0.43316908869859727,0.24052174811392266
cifar,512,fixed_latent,stage32_block1_attention_residual,1.1911065578460693,0.6735455393791199,0.9823803940055004,0.56547882718161
cifar,512,fixed_latent,stage32_block1_ffn,0.2084057480096817,0.11273303627967834,0.17528325172314574,0.5409305518504279
cifar,512,fixed_latent,stage32_block1,1.1941893100738525,0.668082594871521,0.9898251132015186,0.5594444609709365
cifar,512,fixed_latent,output_projection,0.5729091763496399,0.5397000908851624,0.1922205406406149,0.9420342929815276
cifar,512,evolving_prior,input_projection,0.5619538426399231,0.55302894115448,0.09975525802347547,0.9841180879847425
cifar,512,evolving_prior,stage8_position,0.5624861121177673,0.55302894115448,0.10271132640033544,0.9831868365110723
cifar,512,evolving_prior,stage8_block0_attention,0.09620210528373718,0.08907827734947205,0.036330504613530885,0.925949355128412
cifar,512,evolving_prior,stage8_block0_attention_residual,0.5697755217552185,0.5593442320823669,0.10852730176144021,0.9816922818293115
cifar,512,evolving_prior,stage8_block0_ffn,0.3423387110233307,0.32728564739227295,0.10039869558981479,0.9560287424519985
cifar,512,evolving_prior,stage8_block0,0.5410776138305664,0.5267543196678162,0.12367243387220812,0.9735282077901019
cifar,512,evolving_prior,stage8_block1_attention,0.2075638622045517,0.19677211344242096,0.06605673519538444,0.9480075739220173
cifar,512,evolving_prior,stage8_block1_attention_residual,0.5708156824111938,0.5527993440628052,0.14227940290249064,0.9684375554079288
cifar,512,evolving_prior,stage8_block1_ffn,0.6240330338478088,0.530941903591156,0.32789925639485695,0.8508233936228508
cifar,512,evolving_prior,stage8_block1,0.8498428463935852,0.7613889575004578,0.3775178392642088,0.8959173578168097
cifar,512,evolving_prior,stage16_upsample,0.8498428463935852,0.7613889575004578,0.3775178392642088,0.8959173578168097
cifar,512,evolving_prior,stage16_position,0.8510122299194336,0.7613889575004578,0.38014296109334056,0.8946862697525974
cifar,512,evolving_prior,stage16_block0_attention,0.1582714319229126,0.10767122358083725,0.11600324898697671,0.6802947460112663
cifar,512,evolving_prior,stage16_block0_attention_residual,0.8674613237380981,0.7583146691322327,0.42124578426415854,0.8741769210694876
cifar,512,evolving_prior,stage16_block0_ffn,0.261248379945755,0.2130948156118393,0.15113343635224397,0.8156789935160011
cifar,512,evolving_prior,stage16_block0,0.8460381031036377,0.7104541659355164,0.4593858400169418,0.8397425167132069
cifar,512,evolving_prior,stage16_block1_attention,0.1943771243095398,0.11169679462909698,0.15907951635717157,0.5746396085746344
cifar,512,evolving_prior,stage16_block1_attention_residual,0.8825859427452087,0.7165947556495667,0.51521830567924,0.8119263189493585
cifar,512,evolving_prior,stage16_block1_ffn,0.25608158111572266,0.16887333989143372,0.1925086264577272,0.6594513324842377
cifar,512,evolving_prior,stage16_block1,0.9225863218307495,0.7038772106170654,0.5964246755484977,0.762939135299898
cifar,512,evolving_prior,stage32_upsample,0.9225863218307495,0.7038772106170654,0.5964246755484977,0.762939135299898
cifar,512,evolving_prior,stage32_position,0.9238131046295166,0.7038772106170654,0.5983205868588891,0.7619259859918813
cifar,512,evolving_prior,stage32_block0_attention,0.3078292906284332,0.09614741802215576,0.29242870272337707,0.3123400564834844
cifar,512,evolving_prior,stage32_block0_attention_residual,1.0226479768753052,0.7087152004241943,0.73724598967702,0.6930197061452851
cifar,512,evolving_prior,stage32_block0_ffn,0.2143065631389618,0.15867114067077637,0.1440512829608557,0.7403932868257048
cifar,512,evolving_prior,stage32_block0,1.006878137588501,0.6737465262413025,0.748244079382835,0.6691440613210082
cifar,512,evolving_prior,stage32_block1_attention,0.44576799869537354,0.11324839293956757,0.4311425636114855,0.2540523170595712
cifar,512,evolving_prior,stage32_block1_attention_residual,1.192959189414978,0.6832850575447083,0.9778922014955259,0.572764821803995
cifar,512,evolving_prior,stage32_block1_ffn,0.20885524153709412,0.11409086734056473,0.1749393778055575,0.5462676756441442
cifar,512,evolving_prior,stage32_block1,1.1961517333984375,0.6774023771286011,0.9858524173387248,0.5663181001326683
cifar,512,evolving_prior,output_projection,0.5855706930160522,0.5514736771583557,0.19690053306362926,0.9417713074367234
logos,0,fixed_latent,input_projection,0.6123155355453491,0.6062202453613281,0.08618195393606964,0.9900455078628826
logos,0,fixed_latent,stage8_position,0.6126440167427063,0.6062202453613281,0.0884856223614239,0.989514675397416
logos,0,fixed_latent,stage8_block0_attention,0.047086067497730255,0.04310279339551926,0.018953811065429323,0.9154044006243883
logos,0,fixed_latent,stage8_block0_attention_residual,0.6144442558288574,0.6077379584312439,0.09053351535703258,0.9890855885883951
logos,0,fixed_latent,stage8_block0_ffn,0.19756169617176056,0.18427325785160065,0.07123194673052627,0.9327377797535868
logos,0,fixed_latent,stage8_block0,0.6457337737083435,0.6353083252906799,0.11556573161612309,0.9838548813115474
logos,0,fixed_latent,stage8_block1_attention,0.06399939954280853,0.048208750784397125,0.04209322379728037,0.7532687982822526
logos,0,fixed_latent,stage8_block1_attention_residual,0.6488660573959351,0.6371248364448547,0.122878408297235,0.9819050159624609
logos,0,fixed_latent,stage8_block1_ffn,0.19799651205539703,0.18288405239582062,0.07586858483842783,0.9236731015981325
logos,0,fixed_latent,stage8_block1,0.6783747673034668,0.6626145839691162,0.14537619483762726,0.9767677335685743
logos,0,fixed_latent,stage16_upsample,0.5969111919403076,0.5808306932449341,0.1376178652944742,0.9730604838500304
logos,0,fixed_latent,stage16_position,0.5972499847412109,0.5808306932449341,0.13908001315065363,0.9725085108149625
logos,0,fixed_latent,stage16_block0_attention,0.08888640254735947,0.06107045337557793,0.06458476819121203,0.6870618185164941
logos,0,fixed_latent,stage16_block0_attention_residual,0.6029415130615234,0.583922803401947,0.15024189775202643,0.9684567918320864
logos,0,fixed_latent,stage16_block0_ffn,0.1988913118839264,0.18167904019355774,0.08093503751316182,0.9134589061365648
logos,0,fixed_latent,stage16_block0,0.633898138999939,0.6113264560699463,0.1676508715651248,0.9643922555671127
logos,0,fixed_latent,stage16_block1_attention,0.10357880592346191,0.06797061115503311,0.07815730967568854,0.656221227393363
logos,0,fixed_latent,stage16_block1_attention_residual,0.6425307393074036,0.6151506900787354,0.1855677220062107,0.9573871761245514
logos,0,fixed_latent,stage16_block1_ffn,0.19797956943511963,0.1786719113588333,0.0852775351724976,0.902476512443302
logos,0,fixed_latent,stage16_block1,0.6711741089820862,0.6403959393501282,0.20091721039215196,0.9541427936208137
logos,0,fixed_latent,stage32_upsample,0.6711741089820862,0.6403959393501282,0.20091721039215196,0.9541427936208137
logos,0,fixed_latent,stage32_position,0.6714814305305481,0.6403959393501282,0.20194145788128362,0.9537061044921841
logos,0,fixed_latent,stage32_block0_attention,0.06676337122917175,0.03821972385048866,0.054741213419841055,0.5724654574331747
logos,0,fixed_latent,stage32_block0_attention_residual,0.6743856072425842,0.6415424942970276,0.2078922203140305,0.9512992083567071
logos,0,fixed_latent,stage32_block0_ffn,0.19921241700649261,0.1794981211423874,0.08640608541023907,0.9010388199674184
logos,0,fixed_latent,stage32_block0,0.7019229531288147,0.6664280891418457,0.22038474115016302,0.9494319656755047
logos,0,fixed_latent,stage32_block1_attention,0.0823507159948349,0.04209405928850174,0.07077945038977101,0.511155959969333
logos,0,fixed_latent,stage32_block1_attention_residual,0.7072439789772034,0.6677983403205872,0.23289358613876884,0.9442262644446102
logos,0,fixed_latent,stage32_block1_ffn,0.1980057805776596,0.17734768986701965,0.08805728840362788,0.8956692544511968
logos,0,fixed_latent,stage32_block1,0.7338990569114685,0.6901530027389526,0.2495929857707346,0.9403922736232743
logos,0,fixed_latent,stage64_unwindows,0.8020272850990295,0.7350675463676453,0.3208168766140112,0.9165118943264923
logos,0,fixed_latent,stage128_unwindows,0.8936749696731567,0.7641720771789551,0.463352984106414,0.8550894935084008
logos,0,fixed_latent,output_projection,0.9985208511352539,0.8768977522850037,0.47759210859202883,0.8781967359900671
logos,0,evolving_prior,input_projection,0.6123155355453491,0.6062202453613281,0.08618195393606964,0.9900455078628826
logos,0,evolving_prior,stage8_position,0.6126440167427063,0.6062202453613281,0.0884856223614239,0.989514675397416
logos,0,evolving_prior,stage8_block0_attention,0.047086067497730255,0.04310279339551926,0.018953811065429323,0.9154044006243883
logos,0,evolving_prior,stage8_block0_attention_residual,0.6144442558288574,0.6077379584312439,0.09053351535703258,0.9890855885883951
logos,0,evolving_prior,stage8_block0_ffn,0.19756169617176056,0.18427325785160065,0.07123194673052627,0.9327377797535868
logos,0,evolving_prior,stage8_block0,0.6457337737083435,0.6353083252906799,0.11556573161612309,0.9838548813115474
logos,0,evolving_prior,stage8_block1_attention,0.06399939954280853,0.048208750784397125,0.04209322379728037,0.7532687982822526
logos,0,evolving_prior,stage8_block1_attention_residual,0.6488660573959351,0.6371248364448547,0.122878408297235,0.9819050159624609
logos,0,evolving_prior,stage8_block1_ffn,0.19799651205539703,0.18288405239582062,0.07586858483842783,0.9236731015981325
logos,0,evolving_prior,stage8_block1,0.6783747673034668,0.6626145839691162,0.14537619483762726,0.9767677335685743
logos,0,evolving_prior,stage16_upsample,0.5969111919403076,0.5808306932449341,0.1376178652944742,0.9730604838500304
logos,0,evolving_prior,stage16_position,0.5972499847412109,0.5808306932449341,0.13908001315065363,0.9725085108149625
logos,0,evolving_prior,stage16_block0_attention,0.08888640254735947,0.06107045337557793,0.06458476819121203,0.6870618185164941
logos,0,evolving_prior,stage16_block0_attention_residual,0.6029415130615234,0.583922803401947,0.15024189775202643,0.9684567918320864
logos,0,evolving_prior,stage16_block0_ffn,0.1988913118839264,0.18167904019355774,0.08093503751316182,0.9134589061365648
logos,0,evolving_prior,stage16_block0,0.633898138999939,0.6113264560699463,0.1676508715651248,0.9643922555671127
logos,0,evolving_prior,stage16_block1_attention,0.10357880592346191,0.06797061115503311,0.07815730967568854,0.656221227393363
logos,0,evolving_prior,stage16_block1_attention_residual,0.6425307393074036,0.6151506900787354,0.1855677220062107,0.9573871761245514
logos,0,evolving_prior,stage16_block1_ffn,0.19797956943511963,0.1786719113588333,0.0852775351724976,0.902476512443302
logos,0,evolving_prior,stage16_block1,0.6711741089820862,0.6403959393501282,0.20091721039215196,0.9541427936208137
logos,0,evolving_prior,stage32_upsample,0.6711741089820862,0.6403959393501282,0.20091721039215196,0.9541427936208137
logos,0,evolving_prior,stage32_position,0.6714814305305481,0.6403959393501282,0.20194145788128362,0.9537061044921841
logos,0,evolving_prior,stage32_block0_attention,0.06676337122917175,0.03821972385048866,0.054741213419841055,0.5724654574331747
logos,0,evolving_prior,stage32_block0_attention_residual,0.6743856072425842,0.6415424942970276,0.2078922203140305,0.9512992083567071
logos,0,evolving_prior,stage32_block0_ffn,0.19921241700649261,0.1794981211423874,0.08640608541023907,0.9010388199674184
logos,0,evolving_prior,stage32_block0,0.7019229531288147,0.6664280891418457,0.22038474115016302,0.9494319656755047
logos,0,evolving_prior,stage32_block1_attention,0.0823507159948349,0.04209405928850174,0.07077945038977101,0.511155959969333
logos,0,evolving_prior,stage32_block1_attention_residual,0.7072439789772034,0.6677983403205872,0.23289358613876884,0.9442262644446102
logos,0,evolving_prior,stage32_block1_ffn,0.1980057805776596,0.17734768986701965,0.08805728840362788,0.8956692544511968
logos,0,evolving_prior,stage32_block1,0.7338990569114685,0.6901530027389526,0.2495929857707346,0.9403922736232743
logos,0,evolving_prior,stage64_unwindows,0.8020272850990295,0.7350675463676453,0.3208168766140112,0.9165118943264923
logos,0,evolving_prior,stage128_unwindows,0.8936749696731567,0.7641720771789551,0.463352984106414,0.8550894935084008
logos,0,evolving_prior,output_projection,0.9985208511352539,0.8768977522850037,0.47759210859202883,0.8781967359900671
logos,1,fixed_latent,input_projection,0.6123247742652893,0.6062297821044922,0.08618051095565302,0.9900461447634381
logos,1,fixed_latent,stage8_position,0.6126529574394226,0.6062297821044922,0.08848218774878305,0.9895158013081728
logos,1,fixed_latent,stage8_block0_attention,0.04720880836248398,0.04322725534439087,0.018975668167328607,0.9156608023756605
logos,1,fixed_latent,stage8_block0_attention_residual,0.6144627928733826,0.6077566146850586,0.09053408823374028,0.9890861118588414
logos,1,fixed_latent,stage8_block0_ffn,0.21304546296596527,0.18440428376197815,0.10669315545345129,0.8655630643091299
logos,1,fixed_latent,stage8_block0,0.6507555246353149,0.6353903412818909,0.14057690795100822,0.9763887008688328
logos,1,fixed_latent,stage8_block1_attention,0.08284776657819748,0.04803206026554108,0.06750313780590445,0.5797628861872225
logos,1,fixed_latent,stage8_block1_attention_residual,0.6591542363166809,0.6372010707855225,0.16869825916117337,0.9666949488880909
logos,1,fixed_latent,stage8_block1_ffn,0.2155410498380661,0.18081171810626984,0.11732462128962746,0.838873700587948
logos,1,fixed_latent,stage8_block1,0.7052298784255981,0.6621823310852051,0.2426185108823063,0.9389595525412292
logos,1,fixed_latent,stage16_upsample,0.6273826956748962,0.5804614424705505,0.23806209407906,0.9252111135231886
logos,1,fixed_latent,stage16_position,0.6277124285697937,0.5804614424705505,0.23892971097374247,0.9247251066751987
logos,1,fixed_latent,stage16_block0_attention,0.16746103763580322,0.058532003313302994,0.15689870526614103,0.34952609956113656
logos,1,fixed_latent,stage16_block0_attention_residual,0.6653856635093689,0.5833289623260498,0.3201021757430228,0.8766779843879764
logos,1,fixed_latent,stage16_block0_ffn,0.2233060747385025,0.16712626814842224,0.1481027127027028,0.7484179207580074
logos,1,fixed_latent,stage16_block0,0.7309688329696655,0.6067522168159485,0.40763609035752346,0.8300657831756393
logos,1,fixed_latent,stage16_block1_attention,0.2263152003288269,0.05859799683094025,0.21859744890386568,0.25892205537144525
logos,1,fixed_latent,stage16_block1_attention_residual,0.7977222204208374,0.6097238063812256,0.5143905334326642,0.7643309798485575
logos,1,fixed_latent,stage16_block1_ffn,0.22349178791046143,0.14700756967067719,0.1683370242190816,0.6577761583328222
logos,1,fixed_latent,stage16_block1,0.8685789108276367,0.627204418182373,0.6008693220218807,0.7221041293585325
logos,1,fixed_latent,stage32_upsample,0.8685789108276367,0.627204418182373,0.6008693220218807,0.7221041293585325
logos,1,fixed_latent,stage32_position,0.8688005208969116,0.627204418182373,0.6011896231001129,0.721919938002425
logos,1,fixed_latent,stage32_block0_attention,0.2222743183374405,0.030394379049539566,0.22018640810587456,0.13674264879938608
logos,1,fixed_latent,stage32_block0_attention_residual,0.9359559416770935,0.6280103921890259,0.6939859307386863,0.6709828574448974
logos,1,fixed_latent,stage32_block0_ffn,0.20956829190254211,0.13344968855381012,0.16158604393894968,0.6367837774612856
logos,1,fixed_latent,stage32_block0,0.9851652979850769,0.6420349478721619,0.7472227178457677,0.6517027641810901
logos,1,fixed_latent,stage32_block1_attention,0.2583549916744232,0.02850489877164364,0.25677767128220014,0.11033229351173238
logos,1,fixed_latent,stage32_block1_attention_residual,1.0739132165908813,0.6427825093269348,0.8603024133826094,0.5985423211080655
logos,1,fixed_latent,stage32_block1_ffn,0.19735267758369446,0.11614957451820374,0.15955361383777522,0.5885381234259989
logos,1,fixed_latent,stage32_block1,1.1117503643035889,0.6525678038597107,0.9000800708241888,0.5869733213611182
logos,1,fixed_latent,stage64_unwindows,1.2498164176940918,0.6731982827186584,1.0530171651413578,0.5386377336606825
logos,1,fixed_latent,stage128_unwindows,1.4057425260543823,0.6874111890792847,1.2262046756909548,0.48900220085729385
logos,1,fixed_latent,output_projection,2.2416794300079346,0.8276362419128418,2.083301446740986,0.3692036563452395
logos,1,evolving_prior,input_projection,0.612316906452179,0.6062215566635132,0.08618247016437477,0.9900454328070365
logos,1,evolving_prior,stage8_position,0.612645149230957,0.6062215566635132,0.0884844795017097,0.9895149866517228
logos,1,evolving_prior,stage8_block0_attention,0.047208044677972794,0.04322642832994461,0.018975652193103598,0.9156580965132411
logos,1,evolving_prior,stage8_block0_attention_residual,0.6144550442695618,0.6077485084533691,0.09053591497861062,0.9890853922044613
logos,1,evolving_prior,stage8_block0_ffn,0.2130451798439026,0.184404194355011,0.10669274464086174,0.8655637949195718
logos,1,evolving_prior,stage8_block0,0.6507481932640076,0.6353828310966492,0.14057691483304482,0.9763881600803389
logos,1,evolving_prior,stage8_block1_attention,0.08284773677587509,0.0480327233672142,0.06750262939184933,0.5797710986017077
logos,1,evolving_prior,stage8_block1_attention_residual,0.6591468453407288,0.637193500995636,0.16869797275474013,0.9666943041595768
logos,1,evolving_prior,stage8_block1_ffn,0.21554088592529297,0.1808117926120758,0.11732420533661349,0.8388746841967869
logos,1,evolving_prior,stage8_block1,0.705223023891449,0.6621752977371216,0.24261778272285317,0.9389587056917281
logos,1,evolving_prior,stage16_upsample,0.6273761987686157,0.5804548859596252,0.23806095888859238,0.9252102440272911
logos,1,evolving_prior,stage16_position,0.6277059316635132,0.5804548859596252,0.23892857093942854,0.924724232605759
logos,1,evolving_prior,stage16_block0_attention,0.16745923459529877,0.058530569076538086,0.1568973158942495,0.3495212982311175
logos,1,evolving_prior,stage16_block0_attention_residual,0.6653791069984436,0.5833223462104797,0.3201006036257156,0.8766766796178411
logos,1,evolving_prior,stage16_block0_ffn,0.2233060896396637,0.16712641716003418,0.14810256701829227,0.7484185381138354
logos,1,evolving_prior,stage16_block0,0.7309627532958984,0.6067458987236023,0.4076345926047109,0.8300640436024893
logos,1,evolving_prior,stage16_block1_attention,0.22631524503231049,0.05859565734863281,0.21859812230189982,0.25891166695494705
logos,1,evolving_prior,stage16_block1_attention_residual,0.797716498374939,0.6097171306610107,0.5143895725596291,0.7643280938818372
logos,1,evolving_prior,stage16_block1_ffn,0.22349168360233307,0.14700715243816376,0.16833725010058775,0.6577745984487681
logos,1,evolving_prior,stage16_block1,0.8685736656188965,0.6271977424621582,0.6008687081692796,0.7221008042135983
logos,1,evolving_prior,stage32_upsample,0.8685736656188965,0.6271977424621582,0.6008687081692796,0.7221008042135983
logos,1,evolving_prior,stage32_position,0.8687952756881714,0.6271977424621582,0.6011890076410729,0.7219166125936353
logos,1,evolving_prior,stage32_block0_attention,0.22227473556995392,0.0303923599421978,0.22018710800098362,0.13673330828295044
logos,1,evolving_prior,stage32_block0_attention_residual,0.9359511137008667,0.6280034184455872,0.6939857301548422,0.6709788676487427
logos,1,evolving_prior,stage32_block0_ffn,0.20956796407699585,0.13344870507717133,0.1615864309916002,0.6367800807004161
logos,1,evolving_prior,stage32_block0,0.9851605296134949,0.6420281529426575,0.7472222694335209,0.6516990212697036
logos,1,evolving_prior,stage32_block1_attention,0.2583552300930023,0.028501130640506744,0.2567783294373202,0.11031760661569324
logos,1,evolving_prior,stage32_block1_attention_residual,1.073909044265747,0.6427753567695618,0.8603025491567097,0.5985379862491428
logos,1,evolving_prior,stage32_block1_ffn,0.19735264778137207,0.11614902317523956,0.15955397833258803,0.5885354186071516
logos,1,evolving_prior,stage32_block1,1.1117459535598755,0.6525606513023376,0.9000798084773515,0.5869692164948299
logos,1,evolving_prior,stage64_unwindows,1.2498133182525635,0.6731910705566406,1.0530180971874545,0.5386332988496779
logos,1,evolving_prior,stage128_unwindows,1.4057401418685913,0.6874039769172668,1.2262059855420104,0.48899789971390417
logos,1,evolving_prior,output_projection,2.241677761077881,0.8276274800300598,2.0833031317622104,0.3692000225902701
logos,8,fixed_latent,input_projection,0.6123155951499939,0.6062204241752625,0.08618111960665223,0.9900457035179083
logos,8,fixed_latent,stage8_position,0.6126441955566406,0.6062204241752625,0.08848563534273905,0.989514678457793
logos,8,fixed_latent,stage8_block0_attention,0.04787334427237511,0.043870095163583755,0.019164337769916696,0.9163783276552628
logos,8,fixed_latent,stage8_block0_attention_residual,0.6145187020301819,0.6078075170516968,0.09057183535907175,0.989078957310309
logos,8,fixed_latent,stage8_block0_ffn,0.3505159318447113,0.18535584211349487,0.2974972777545426,0.5288086083220117
logos,8,fixed_latent,stage8_block0,0.7087343335151672,0.6356279850006104,0.3134986765318989,0.896849432774104
logos,8,fixed_latent,stage8_block1_attention,0.33905696868896484,0.04806212708353996,0.3356332223674458,0.14175236471140026
logos,8,fixed_latent,stage8_block1_attention_residual,0.8491766452789307,0.6374894380569458,0.5609885838883161,0.7507147559946711
logos,8,fixed_latent,stage8_block1_ffn,0.49009063839912415,0.14700168371200562,0.46752469328613705,0.2999479528770128
logos,8,fixed_latent,stage8_block1,1.1593374013900757,0.6545048356056213,0.9569151636538905,0.5645507811797092
logos,8,fixed_latent,stage16_upsample,1.1149003505706787,0.573962390422821,0.9558085404947706,0.5148104851963045
logos,8,fixed_latent,stage16_position,1.1152702569961548,0.573962390422821,0.9562399910693917,0.5146397358149936
logos,8,fixed_latent,stage16_block0_attention,0.5668302774429321,0.03362257778644562,0.565832206302386,0.05931683455252742
logos,8,fixed_latent,stage16_block0_attention_residual,1.4693503379821777,0.5752325057983398,1.352071736263022,0.3914876465665039
logos,8,fixed_latent,stage16_block0_ffn,0.4800835847854614,0.07790815830230713,0.47371992490331455,0.16228040443649522
logos,8,fixed_latent,stage16_block0,1.8268393278121948,0.5806060433387756,1.732119670253705,0.31781998257838245
logos,8,fixed_latent,stage16_block1_attention,0.5359919667243958,0.020652620121836662,0.5355939298341504,0.03853158518037292
logos,8,fixed_latent,stage16_block1_attention_residual,2.149360179901123,0.5810418128967285,2.0693331279932363,0.27033245443463
logos,8,fixed_latent,stage16_block1_ffn,0.48682162165641785,0.05573879927396774,0.483620179032762,0.114495323942917
logos,8,fixed_latent,stage16_block1,2.506779909133911,0.5839171409606934,2.4378240882659497,0.2329351447381098
logos,8,fixed_latent,stage32_upsample,2.506779909133911,0.5839171409606934,2.4378240882659497,0.2329351447381098
logos,8,fixed_latent,stage32_position,2.507031202316284,0.5839171409606934,2.438082488735712,0.23291179639934415
logos,8,fixed_latent,stage32_block0_attention,0.1814408153295517,0.012516846880316734,0.18100855784085787,0.06898583903286774
logos,8,fixed_latent,stage32_block0_attention_residual,2.5416951179504395,0.5840378403663635,2.473684271210312,0.2297828076395399
logos,8,fixed_latent,stage32_block0_ffn,0.21473872661590576,0.04790352284908295,0.20932743061354406,0.22307817320145512
logos,8,fixed_latent,stage32_block0,2.6124370098114014,0.5860191583633423,2.5458610873854557,0.22431896201227394
logos,8,fixed_latent,stage32_block1_attention,0.20026667416095734,0.012671256437897682,0.19986540480977716,0.06327191726224805
logos,8,fixed_latent,stage32_block1_attention_residual,2.65144681930542,0.5861533880233765,2.5858450149445433,0.22106926066008248
logos,8,fixed_latent,stage32_block1_ffn,0.21110554039478302,0.04521544650197029,0.2062064804583038,0.21418408260348853
logos,8,fixed_latent,stage32_block1,2.7247095108032227,0.5875722169876099,2.660601587627468,0.21564582009859767
logos,8,fixed_latent,stage64_unwindows,2.8046348094940186,0.5907756090164185,2.7417076055657046,0.21064261450958732
logos,8,fixed_latent,stage128_unwindows,2.81825852394104,0.5916682481765747,2.7554509235088895,0.2099410835274219
logos,8,fixed_latent,output_projection,6.832860469818115,0.7395694255828857,6.79271810579138,0.10823716199821251
logos,8,evolving_prior,input_projection,0.6123625636100769,0.6062614917755127,0.08622594099941987,0.9900368307974341
logos,8,evolving_prior,stage8_position,0.6126912832260132,0.6062614917755127,0.08853028934364021,0.989505658679122
logos,8,evolving_prior,stage8_block0_attention,0.04786524921655655,0.04386157542467117,0.01916361875609482,0.9163553129375432
logos,8,evolving_prior,stage8_block0_attention_residual,0.6145657896995544,0.6078486442565918,0.09061531627964607,0.9890700954144446
logos,8,evolving_prior,stage8_block0_ffn,0.35051092505455017,0.18535375595092773,0.2974926784602949,0.528810210186975
logos,8,evolving_prior,stage8_block0,0.7087695002555847,0.6356672644615173,0.31349853808999284,0.8968603533762296
logos,8,evolving_prior,stage8_block1_attention,0.3390074372291565,0.04803001880645752,0.3355877825400261,0.14167836316225418
logos,8,evolving_prior,stage8_block1_attention_residual,0.8491770029067993,0.6375260353088379,0.5609475345958557,0.7507575371524857
logos,8,evolving_prior,stage8_block1_ffn,0.490062952041626,0.1470014899969101,0.4674957314269739,0.2999645033041057
logos,8,evolving_prior,stage8_block1,1.1593010425567627,0.6545392870903015,0.9568475473807292,0.5645982044894551
logos,8,evolving_prior,stage16_upsample,1.1148539781570435,0.5739868879318237,0.9557397371120055,0.5148538725050585
logos,8,evolving_prior,stage16_position,1.1152238845825195,0.5739868879318237,0.9561712007928627,0.5146831016327218
logos,8,evolving_prior,stage16_block0_attention,0.5668131709098816,0.03359700366854668,0.5658165887117577,0.05927350561493623
logos,8,evolving_prior,stage16_block0_attention_residual,1.469287395477295,0.5752520561218262,1.351995015684623,0.39151772341649793
logos,8,evolving_prior,stage16_block0_ffn,0.4800822138786316,0.07791406661272049,0.4737175638568584,0.1622931747111501
logos,8,evolving_prior,stage16_block0,1.8267707824707031,0.5806252360343933,1.732040942636354,0.31784241438824584
logos,8,evolving_prior,stage16_block1_attention,0.5359895825386047,0.020643310621380806,0.5355919027734615,0.038514387767777124
logos,8,evolving_prior,stage16_block1_attention_residual,2.14928936958313,0.5810608863830566,2.0692542232695295,0.27035023510852685
logos,8,evolving_prior,stage16_block1_ffn,0.48682162165641785,0.0557408444583416,0.48361994331422625,0.11449952503893016
logos,8,evolving_prior,stage16_block1,2.506706714630127,0.5839359760284424,2.4377443116683657,0.23294946019028162
logos,8,evolving_prior,stage32_upsample,2.506706714630127,0.5839359164237976,2.43774432594603,0.2329494364122128
logos,8,evolving_prior,stage32_position,2.506958246231079,0.5839359164237976,2.438002972487176,0.2329260638072762
logos,8,evolving_prior,stage32_block0_attention,0.18144077062606812,0.012515434995293617,0.1810086106577807,0.06897807450943161
logos,8,evolving_prior,stage32_block0_attention_residual,2.5416226387023926,0.5840567350387573,2.473605337926885,0.22979679443559858
logos,8,evolving_prior,stage32_block0_ffn,0.2147393375635147,0.047906722873449326,0.20932732502170767,0.22309244043038773
logos,8,evolving_prior,stage32_block0,2.612363815307617,0.5860387086868286,2.545781478338085,0.22433273085962568
logos,8,evolving_prior,stage32_block1_attention,0.2002665102481842,0.012670021504163742,0.19986531885765,0.06326580259706013
logos,8,evolving_prior,stage32_block1_attention_residual,2.651373863220215,0.5861728191375732,2.58576580313678,0.22108267237183954
logos,8,evolving_prior,stage32_block1_ffn,0.21110638976097107,0.04521869868040085,0.2062066368659412,0.21419862625475486
logos,8,evolving_prior,stage32_block1,2.7246363162994385,0.5875915288925171,2.6605223643622185,0.21565870108146226
logos,8,evolving_prior,stage64_unwindows,2.8045620918273926,0.5907949209213257,2.741629057390661,0.21065496201454265
logos,8,evolving_prior,stage128_unwindows,2.818188190460205,0.5916879177093506,2.7553747630560417,0.20995330251977565
logos,8,evolving_prior,output_projection,6.83265495300293,0.7395377159118652,6.792514826891387,0.10823577672202528
logos,16,fixed_latent,input_projection,0.6123353838920593,0.606238842010498,0.08619216207989017,0.9900437863923344
logos,16,fixed_latent,stage8_position,0.6126653552055359,0.606238842010498,0.08850595407595949,0.9895105653674805
logos,16,fixed_latent,stage8_block0_attention,0.049043431878089905,0.045099541544914246,0.019268875494418428,0.919583720344465
logos,16,fixed_latent,stage8_block0_attention_residual,0.6146783232688904,0.6079556941986084,0.09066043783339377,0.9890631752970713
logos,16,fixed_latent,stage8_block0_ffn,0.40821292996406555,0.18396040797233582,0.36441235501626296,0.45064816537910646
logos,16,fixed_latent,stage8_block0,0.739643394947052,0.6353362202644348,0.3787086464670464,0.8589763994443781
logos,16,fixed_latent,stage8_block1_attention,0.5324532985687256,0.05233464762568474,0.5298750794428927,0.0982896486252676
logos,16,fixed_latent,stage8_block1_attention_residual,0.991859495639801,0.6375970244407654,0.7597731855725908,0.6428299847343621
logos,16,fixed_latent,stage8_block1_ffn,0.5494439005851746,0.12467312812805176,0.5351123349475487,0.22690783899006078
logos,16,fixed_latent,stage8_block1,1.30858314037323,0.6498000025749207,1.1358476094629497,0.496567610056161
logos,16,fixed_latent,stage16_upsample,1.270099401473999,0.570176899433136,1.1349232542235734,0.44892305182682857
logos,16,fixed_latent,stage16_position,1.2704787254333496,0.570176899433136,1.1353477419414564,0.44878901788666586
logos,16,fixed_latent,stage16_block0_attention,0.631134033203125,0.03375357761979103,0.6302308020599343,0.05348083900417352
logos,16,fixed_latent,stage16_block0_attention_residual,1.6597062349319458,0.5716555714607239,1.5581510497669628,0.34443177920830303
logos,16,fixed_latent,stage16_block0_ffn,0.7233532071113586,0.07595314830541611,0.7193545589629523,0.10500146755238383
logos,16,fixed_latent,stage16_block0,2.1234004497528076,0.5773431658744812,2.043405084369826,0.2718955654086311
logos,16,fixed_latent,stage16_block1_attention,0.5457170009613037,0.021815314888954163,0.5452807874613733,0.03997550901021144
logos,16,fixed_latent,stage16_block1_attention_residual,2.443330764770508,0.5782742500305176,2.3739132498525883,0.236674566689227
logos,16,fixed_latent,stage16_block1_ffn,0.6506036520004272,0.05402352288365364,0.6483568238027054,0.08303599698148968
logos,16,fixed_latent,stage16_block1,2.913362503051758,0.5819233059883118,2.854653453597413,0.19974284194937808
logos,16,fixed_latent,stage32_upsample,2.913362503051758,0.5819233059883118,2.854653453597413,0.19974284194937808
logos,16,fixed_latent,stage32_position,2.9135165214538574,0.5819233655929565,2.854810627232838,0.19973230332072195
logos,16,fixed_latent,stage32_block0_attention,0.2231753021478653,0.011352283880114555,0.22288638616904413,0.05086711554037944
logos,16,fixed_latent,stage32_block0_attention_residual,2.9441580772399902,0.5821171402931213,2.886036454855419,0.1977193904067912
logos,16,fixed_latent,stage32_block0_ffn,0.22262562811374664,0.040717318654060364,0.21887044171076167,0.18289591813417172
logos,16,fixed_latent,stage32_block0,3.024965763092041,0.5837587118148804,2.968104383989762,0.19298027069839543
logos,16,fixed_latent,stage32_block1_attention,0.2298034429550171,0.01117926836013794,0.2295313624603658,0.048647088208883915
logos,16,fixed_latent,stage32_block1_attention_residual,3.0639984607696533,0.5839966535568237,3.007828864186464,0.1905995257615528
logos,16,fixed_latent,stage32_block1_ffn,0.23956048488616943,0.039641644805669785,0.236257837787443,0.16547655939378347
logos,16,fixed_latent,stage32_block1,3.15293025970459,0.5853050351142883,3.098126407755293,0.1856384337435766
logos,16,fixed_latent,stage64_unwindows,3.264812707901001,0.5882365703582764,3.2113828415442778,0.18017467554408745
logos,16,fixed_latent,stage128_unwindows,3.28186297416687,0.5905556082725525,3.2282919097791094,0.1799452362640065
logos,16,fixed_latent,output_projection,8.468440055847168,0.7654722332954407,8.43377313185092,0.0903911733740039
logos,16,evolving_prior,input_projection,0.6124753952026367,0.6063746809959412,0.0862314094497859,0.9900392501405266
logos,16,evolving_prior,stage8_position,0.6128056645393372,0.6063746809959412,0.0885467601810999,0.9895056721640615
logos,16,evolving_prior,stage8_block0_attention,0.04901612177491188,0.04507102817296982,0.019266100105738877,0.919514366720843
logos,16,evolving_prior,stage8_block0_attention_residual,0.614817202091217,0.6080902814865112,0.09069951239630758,0.9890586655971481
logos,16,evolving_prior,stage8_block0_ffn,0.4082043468952179,0.18395845592021942,0.3644037257213489,0.45065285884238704
logos,16,evolving_prior,stage8_block0,0.7397409081459045,0.6354656219482422,0.37868199654388285,0.8590380969209622
logos,16,evolving_prior,stage8_block1_attention,0.5322822332382202,0.05219770595431328,0.5297166934448773,0.09806396436860304
logos,16,evolving_prior,stage8_block1_attention_residual,0.9918078780174255,0.6377134323120117,0.7596080865461227,0.6429808095361866
logos,16,evolving_prior,stage8_block1_ffn,0.5493667125701904,0.12464635074138641,0.5350393183000979,0.22689097808317032
logos,16,evolving_prior,stage8_block1,1.3084520101547241,0.6499025225639343,1.1356378709971648,0.4966957271035745
logos,16,evolving_prior,stage16_upsample,1.269944667816162,0.5702515840530396,1.134712558403978,0.44903655923345276
logos,16,evolving_prior,stage16_position,1.2703238725662231,0.5702516436576843,1.1351369098559676,0.4489025641198887
logos,16,evolving_prior,stage16_block0_attention,0.6311245560646057,0.0336630716919899,0.6302261521644477,0.05333823786210585
logos,16,evolving_prior,stage16_block0_attention_residual,1.6595453023910522,0.5717189908027649,1.5579563556928278,0.3445033949835773
logos,16,evolving_prior,stage16_block0_ffn,0.7233652472496033,0.07594765722751617,0.7193672457723742,0.10499212882604768
logos,16,evolving_prior,stage16_block0,2.123241901397705,0.5774023532867432,2.0432236035906284,0.2719437445665734
logos,16,evolving_prior,stage16_block1_attention,0.5457205176353455,0.02175229974091053,0.545286824363262,0.03985977993857578
logos,16,evolving_prior,stage16_block1_attention_residual,2.4431753158569336,0.5783266425132751,2.37374049099137,0.23671106971315706
logos,16,evolving_prior,stage16_block1_ffn,0.650611162185669,0.05400380864739418,0.6483660023568188,0.08300473737028012
logos,16,evolving_prior,stage16_block1,2.9132120609283447,0.5819661617279053,2.854491180323047,0.19976786775434804
logos,16,evolving_prior,stage32_upsample,2.9132120609283447,0.5819661617279053,2.854491180323047,0.19976786775434804
logos,16,evolving_prior,stage32_position,2.9133660793304443,0.5819661617279053,2.8546483669266403,0.19975730679944415
logos,16,evolving_prior,stage32_block0_attention,0.22317595779895782,0.011337450705468655,0.22288779767179556,0.05080050206699101
logos,16,evolving_prior,stage32_block0_attention_residual,2.9440062046051025,0.5821591019630432,2.8858730590160966,0.19774384342411117
logos,16,evolving_prior,stage32_block0_ffn,0.22262494266033173,0.040721725672483444,0.21886892459362747,0.18291627697177804
logos,16,evolving_prior,stage32_block0,3.024813652038574,0.5838010907173157,2.967941023005041,0.19300398565837693
logos,16,evolving_prior,stage32_block1_attention,0.22980330884456635,0.011164076626300812,0.2295319675970936,0.04858100904827239
logos,16,evolving_prior,stage32_block1_attention_residual,3.063847064971924,0.5840376019477844,3.0076666898192284,0.19062230899998803
logos,16,evolving_prior,stage32_block1_ffn,0.23956026136875153,0.039646584540605545,0.23625678225466706,0.1654973337985224
logos,16,evolving_prior,stage32_block1,3.1527795791625977,0.5853443741798401,3.097965628989563,0.18565978352832138
logos,16,evolving_prior,stage64_unwindows,3.2646632194519043,0.5882720947265625,3.2112243582484385,0.1801938071962369
logos,16,evolving_prior,stage128_unwindows,3.28171443939209,0.5905935168266296,3.2281339748524833,0.17996493227364174
logos,16,evolving_prior,output_projection,8.468009948730469,0.765235424041748,8.4333627478954,0.09036779936193542
logos,32,fixed_latent,input_projection,0.6124855279922485,0.6063881516456604,0.08620865121148243,0.9900448646246784
logos,32,fixed_latent,stage8_position,0.6128160953521729,0.6063881516456604,0.08852669804326249,0.9895108112282552
logos,32,fixed_latent,stage8_block0_attention,0.05021257698535919,0.0462225116789341,0.019615868617051467,0.9205365359442017
logos,32,fixed_latent,stage8_block0_attention_residual,0.6149647235870361,0.6082286238670349,0.09077198006704891,0.9890463640244108
logos,32,fixed_latent,stage8_block0_ffn,0.4784660339355469,0.18546654284000397,0.44105771404317246,0.3876273960650418
logos,32,fixed_latent,stage8_block0,0.7823521494865417,0.6365422010421753,0.454850428271311,0.8136261930895676
logos,32,fixed_latent,stage8_block1_attention,0.7846497893333435,0.05689818784594536,0.7825841092947824,0.07251411855254224
logos,32,fixed_latent,stage8_block1_attention_residual,1.2700276374816895,0.6393356323242188,1.0973696502126862,0.5034029287677106
logos,32,fixed_latent,stage8_block1_ffn,1.036541223526001,0.1027146577835083,1.031439483026123,0.09909365440778513
logos,32,fixed_latent,stage8_block1,2.0743656158447266,0.6482830047607422,1.9704623452218657,0.3125210906934298
logos,32,fixed_latent,stage16_upsample,2.0505316257476807,0.5692479610443115,1.9699331732417524,0.27760993973294507
logos,32,fixed_latent,stage16_position,2.050994634628296,0.5692479610443115,1.9704151212678385,0.2775472697165183
logos,32,fixed_latent,stage16_block0_attention,0.8970014452934265,0.02177152968943119,0.8967371930245105,0.024271454414780014
logos,32,fixed_latent,stage16_block0_attention_residual,2.7272026538848877,0.5702253580093384,2.6669228253625743,0.20908800348850312
logos,32,fixed_latent,stage16_block0_ffn,1.1194404363632202,0.04634714871644974,1.1184805909674662,0.041402067685726934
logos,32,fixed_latent,stage16_block0,3.6251449584960938,0.5726708769798279,3.5796262426081302,0.15797185589439236
logos,32,fixed_latent,stage16_block1_attention,0.7551651000976562,0.012447230517864227,0.7550625105631575,0.016482793651685677
logos,32,fixed_latent,stage16_block1_attention_residual,4.166273593902588,0.573194146156311,4.126655319997313,0.1375795739855372
logos,32,fixed_latent,stage16_block1_ffn,1.026635766029358,0.03148627653717995,1.0261528202370789,0.030669374260120563
logos,32,fixed_latent,stage16_block1,5.019459247589111,0.5747374296188354,4.986446432601375,0.1145018619077118
logos,32,fixed_latent,stage32_upsample,5.019459247589111,0.5747374296188354,4.986446432601375,0.1145018619077118
logos,32,fixed_latent,stage32_position,5.019728660583496,0.5747374296188354,4.986717629150313,0.11449571649795662
logos,32,fixed_latent,stage32_block0_attention,0.2377905398607254,0.0065063550136983395,0.2377015107055295,0.02736170672520921
logos,32,fixed_latent,stage32_block0_attention_residual,5.075925350189209,0.5747881531715393,5.043276389378942,0.11323810212262354
logos,32,fixed_latent,stage32_block0_ffn,0.2449641078710556,0.023381611332297325,0.24384567742030522,0.09544913144828938
logos,32,fixed_latent,stage32_block0,5.198390007019043,0.5753014087677002,5.166457873064035,0.11066915102385713
logos,32,fixed_latent,stage32_block1_attention,0.24801528453826904,0.006440911907702684,0.2479316357756625,0.025969818431528336
logos,32,fixed_latent,stage32_block1_attention_residual,5.251063346862793,0.5754017233848572,5.219442415573872,0.1095781340609091
logos,32,fixed_latent,stage32_block1_ffn,0.24645042419433594,0.02252981998026371,0.2454184565130036,0.09141724975282677
logos,32,fixed_latent,stage32_block1,5.370455265045166,0.5758060812950134,5.339497833185723,0.10721736852418802
logos,32,fixed_latent,stage64_unwindows,5.467576026916504,0.5767476558685303,5.437071799375305,0.10548507291517135
logos,32,fixed_latent,stage128_unwindows,5.415395736694336,0.5770171880722046,5.384567034560573,0.10655125056925706
logos,32,fixed_latent,output_projection,14.635396003723145,0.7487346529960632,14.616231135460271,0.05115916595667041
logos,32,evolving_prior,input_projection,0.6127123236656189,0.6066045761108398,0.08629762344995626,0.990031622804257
logos,32,evolving_prior,stage8_position,0.613043487071991,0.6066045761108398,0.08861831234442838,0.9894968120583019
logos,32,evolving_prior,stage8_block0_attention,0.05016019195318222,0.04616861417889595,0.019608771546946388,0.920423395149447
logos,32,evolving_prior,stage8_block0_attention_residual,0.6151886582374573,0.6084421277046204,0.09085847488417058,0.9890333957843663
logos,32,evolving_prior,stage8_block0_ffn,0.4784581661224365,0.18546149134635925,0.4410513030893678,0.38762321238948194
logos,32,evolving_prior,stage8_block0,0.7825070023536682,0.6367464661598206,0.4548308988684742,0.8137262212920511
logos,32,evolving_prior,stage8_block1_attention,0.7843338251113892,0.05662231147289276,0.7822873276855058,0.0721915970726513
logos,32,evolving_prior,stage8_block1_attention_residual,1.269860029220581,0.6395123600959778,1.0970726662790242,0.5036085437609213
logos,32,evolving_prior,stage8_block1_ffn,1.0363786220550537,0.10262023657560349,1.0312854771099509,0.0990180947307809
logos,32,evolving_prior,stage8_block1,2.0739998817443848,0.6484172344207764,1.9700331468231274,0.3126409215970689
logos,32,evolving_prior,stage16_upsample,2.0501420497894287,0.5693340301513672,1.969502776445467,0.27770467427359186
logos,32,evolving_prior,stage16_position,2.050604820251465,0.5693340301513672,1.9699844900278136,0.2776420032415363
logos,32,evolving_prior,stage16_block0_attention,0.8969906568527222,0.02173096127808094,0.8967273854427601,0.0242265190970088
logos,32,evolving_prior,stage16_block0_attention_residual,2.7267982959747314,0.5703045129776001,2.6664923981530646,0.20914803776263066
logos,32,evolving_prior,stage16_block0_ffn,1.119433879852295,0.04636533185839653,1.118473275211716,0.041418553335650574
logos,32,evolving_prior,stage16_block0,3.624727725982666,0.572747528553009,3.5791914388649135,0.15801118645338716
logos,32,evolving_prior,stage16_block1_attention,0.755167543888092,0.012444757856428623,0.7550649954433514,0.01647946599022906
logos,32,evolving_prior,stage16_block1_attention_residual,4.165859222412109,0.5732718110084534,4.126226180380701,0.13761190198753726
logos,32,evolving_prior,stage16_block1_ffn,1.0266356468200684,0.031501393765211105,1.0261522370060445,0.03068410283900082
logos,32,evolving_prior,stage16_block1,5.019044876098633,0.5748153328895569,4.986020337039051,0.11452683669494665
logos,32,evolving_prior,stage32_upsample,5.019044876098633,0.5748153328895569,4.986020337039051,0.11452683669494665
logos,32,evolving_prior,stage32_position,5.019314289093018,0.5748153328895569,4.9862915343738585,0.11452068943732653
logos,32,evolving_prior,stage32_block0_attention,0.2377883344888687,0.006504084914922714,0.23769936663443086,0.027352413771278516
logos,32,evolving_prior,stage32_block0_attention_residual,5.075509548187256,0.5748658180236816,5.04284904245685,0.11326268083349343
logos,32,evolving_prior,stage32_block0_ffn,0.24496346712112427,0.02338898554444313,0.24384432652658533,0.0954794844280933
logos,32,evolving_prior,stage32_block0,5.197973251342773,0.5753809213638306,5.166029686036025,0.11069332094296455
logos,32,evolving_prior,stage32_block1_attention,0.24801406264305115,0.006442666985094547,0.2479303678673318,0.02597702290118531
logos,32,evolving_prior,stage32_block1_attention_residual,5.250646114349365,0.5754814743995667,5.219013861904851,0.10960203027715905
logos,32,evolving_prior,stage32_block1_ffn,0.24645137786865234,0.0225374773144722,0.24541871112377905,0.09144796636715773
logos,32,evolving_prior,stage32_block1,5.370038032531738,0.5758852958679199,5.339069637759041,0.107240450138193
logos,32,evolving_prior,stage64_unwindows,5.467160701751709,0.5768254995346069,5.436645885273832,0.1055073247343523
logos,32,evolving_prior,stage128_unwindows,5.414982795715332,0.5770972371101379,5.384143149732637,0.10657415893671404
logos,32,evolving_prior,output_projection,14.634257316589355,0.748511016368866,14.615102410401493,0.051147864915587885
logos,64,fixed_latent,input_projection,0.6125034689903259,0.6064059138298035,0.08621117791460761,0.9900448642836687
logos,64,fixed_latent,stage8_position,0.6128344535827637,0.6064059138298035,0.08853211377983412,0.9895101528391924
logos,64,fixed_latent,stage8_block0_attention,0.05044932663440704,0.046465519815683365,0.01964917367533374,0.9210334986709877
logos,64,fixed_latent,stage8_block0_attention_residual,0.61501544713974,0.6082762479782104,0.09079651075919681,0.9890422278125345
logos,64,fixed_latent,stage8_block0_ffn,0.4845961928367615,0.1852881759405136,0.44777423102331493,0.3823558225991445
logos,64,fixed_latent,stage8_block0,0.7861832976341248,0.6365603804588318,0.4613838526747269,0.8096844366631092
logos,64,fixed_latent,stage8_block1_attention,0.8507478833198547,0.059072110801935196,0.8486945544179113,0.06943550722855683
logos,64,fixed_latent,stage8_block1_attention_residual,1.3189334869384766,0.6395680904388428,1.1534895754449195,0.48491307315535337
logos,64,fixed_latent,stage8_block1_ffn,1.152831792831421,0.09954358637332916,1.1485261063532006,0.0863470169649333
logos,64,fixed_latent,stage8_block1,2.213599443435669,0.6481516361236572,2.1165826117987763,0.2928043906252878
logos,64,fixed_latent,stage16_upsample,2.19132137298584,0.569250762462616,2.1160914274057907,0.25977511536200143
logos,64,fixed_latent,stage16_position,2.191781759262085,0.569250762462616,2.11656817742064,0.2597205493006145
logos,64,fixed_latent,stage16_block0_attention,0.9596196413040161,0.020886912941932678,0.9593923039321322,0.02176582475276318
logos,64,fixed_latent,stage16_block0_attention_residual,2.9190382957458496,0.5701773166656494,2.8628102276593177,0.19533053660056976
logos,64,fixed_latent,stage16_block0_ffn,1.2855669260025024,0.04469450190663338,1.2847897581825758,0.034766375054165306
logos,64,fixed_latent,stage16_block0,3.971956968307495,0.5725693106651306,3.9304715420126026,0.14415294909630155
logos,64,fixed_latent,stage16_block1_attention,0.8174603581428528,0.0116868382319808,0.8173768133163435,0.014296519844132312
logos,64,fixed_latent,stage16_block1_attention_residual,4.570730209350586,0.5731062889099121,4.534658071815554,0.12538615552882076
logos,64,fixed_latent,stage16_block1_ffn,1.2247666120529175,0.02927074208855629,1.224416790826215,0.023899036600527133
logos,64,fixed_latent,stage16_block1,5.609244346618652,0.5746374130249023,5.579732429393489,0.10244471046644697
logos,64,fixed_latent,stage32_upsample,5.6092448234558105,0.5746374130249023,5.579732908752699,0.10244470175770878
logos,64,fixed_latent,stage32_position,5.609513759613037,0.5746374130249023,5.580003267278617,0.10243979026526939
logos,64,fixed_latent,stage32_block0_attention,0.2716986835002899,0.005892666056752205,0.27163477520843005,0.02168823926872622
logos,64,fixed_latent,stage32_block0_attention_residual,5.692546367645264,0.5746986269950867,5.66346233640882,0.10095633656345819
logos,64,fixed_latent,stage32_block0_ffn,0.2527669668197632,0.02153918147087097,0.251847579255446,0.08521359314419276
logos,64,fixed_latent,stage32_block0,5.8216776847839355,0.5751461386680603,5.793197561337475,0.09879388207480369
logos,64,fixed_latent,stage32_block1_attention,0.2902948558330536,0.005909999832510948,0.29023468990648427,0.020358610267312987
logos,64,fixed_latent,stage32_block1_attention_residual,5.9028754234313965,0.5752542614936829,5.874778361707253,0.09745322749150653
logos,64,fixed_latent,stage32_block1_ffn,0.2515888214111328,0.02061544358730316,0.2507427736640512,0.08194101578787764
logos,64,fixed_latent,stage32_block1,6.030075550079346,0.5756044983863831,6.0025403456455075,0.09545560310248667
logos,64,fixed_latent,stage64_unwindows,6.142972946166992,0.5763419270515442,6.115876601147385,0.09382133571191488
logos,64,fixed_latent,stage128_unwindows,6.096587657928467,0.5767085552215576,6.069249402779554,0.09459530274637516
logos,64,fixed_latent,output_projection,16.111637115478516,0.7494882941246033,16.094195159679003,0.04651844432398287
logos,64,evolving_prior,input_projection,0.6129794716835022,0.6068575382232666,0.08641620801089335,0.9900128246653641
logos,64,evolving_prior,stage8_position,0.6133113503456116,0.6068575382232666,0.08873973610707897,0.9894771030754476
logos,64,evolving_prior,stage8_block0_attention,0.05035831779241562,0.04637164995074272,0.019637470604120737,0.9208339750722705
logos,64,evolving_prior,stage8_block0_attention_residual,0.6154855489730835,0.6087217926979065,0.09099582457093795,0.9890106984859968
logos,64,evolving_prior,stage8_block0_ffn,0.4845598340034485,0.18527540564537048,0.44774016660602717,0.38235815815483365
logos,64,evolving_prior,stage8_block0,0.786501944065094,0.6369854211807251,0.46134030955617406,0.8098968171501502
logos,64,evolving_prior,stage8_block1_attention,0.850073516368866,0.05855964869260788,0.8480540966098372,0.06888774625369876
logos,64,evolving_prior,stage8_block1_attention_residual,1.3185482025146484,0.6399381756782532,1.152843655342822,0.4853354427678906
logos,64,evolving_prior,stage8_block1_ffn,1.1524895429611206,0.09941688925027847,1.1481935502198792,0.08626272564247667
logos,64,evolving_prior,stage8_block1,2.2128043174743652,0.6484520435333252,2.115658974095458,0.2930453625802081
logos,64,evolving_prior,stage16_upsample,2.1904802322387695,0.5694570541381836,2.115164842588179,0.2599690450327291
logos,64,evolving_prior,stage16_position,2.1909408569335938,0.5694570541381836,2.115641865267648,0.259914388987746
logos,64,evolving_prior,stage16_block0_attention,0.9595722556114197,0.02083776332437992,0.959345975839178,0.021715679254505463
logos,64,evolving_prior,stage16_block0_attention_residual,2.9181528091430664,0.5703768134117126,2.8618675909678055,0.1954581719040297
logos,64,evolving_prior,stage16_block0_ffn,1.2855110168457031,0.044750213623046875,1.2847318758450594,0.03481122529222022
logos,64,evolving_prior,stage16_block0,3.9710261821746826,0.5727710127830505,3.9295015340921187,0.14423753118378577
logos,64,evolving_prior,stage16_block1_attention,0.8174483776092529,0.011689848266541958,0.8173647885145928,0.014300411606088968
logos,64,evolving_prior,stage16_block1_attention_residual,4.569792747497559,0.5733112096786499,4.5336872424041434,0.12545672010893666
logos,64,evolving_prior,stage16_block1_ffn,1.224730134010315,0.029308238998055458,1.224379405364104,0.02393036488951828
logos,64,evolving_prior,stage16_block1,5.6082844734191895,0.5748471021652222,5.578745875546493,0.10249963333524637
logos,64,evolving_prior,stage32_upsample,5.6082844734191895,0.5748471021652222,5.578745875546493,0.10249963333524637
logos,64,evolving_prior,stage32_position,5.608553886413574,0.5748471021652222,5.579016714972008,0.10249470965372356
logos,64,evolving_prior,stage32_block0_attention,0.27169445157051086,0.005894192494452,0.27163050916463527,0.021694195300570294
logos,64,evolving_prior,stage32_block0_attention_residual,5.691583633422852,0.5749087333679199,5.662473329256763,0.1010103286529722
logos,64,evolving_prior,stage32_block0_ffn,0.25276464223861694,0.021555228158831596,0.2518438732727813,0.08527786152338053
logos,64,evolving_prior,stage32_block0,5.820711612701416,0.5753588676452637,5.792205611997823,0.09884682594302886
logos,64,evolving_prior,stage32_block1_attention,0.2902967631816864,0.005914165638387203,0.29023651279355916,0.020372826667329175
logos,64,evolving_prior,stage32_block1_attention_residual,5.901909828186035,0.5754667520523071,5.873787333341349,0.09750517524073696
logos,64,evolving_prior,stage32_block1_ffn,0.2515885829925537,0.020631466060876846,0.2507412165966736,0.08200477865677823
logos,64,evolving_prior,stage32_block1,6.029109001159668,0.5758170485496521,6.001548972928914,0.09550615993820923
logos,64,evolving_prior,stage64_unwindows,6.142011642456055,0.5765528082847595,6.11489115809306,0.0938703541848398
logos,64,evolving_prior,stage128_unwindows,6.095628261566162,0.576923668384552,6.068265236792294,0.09464548092969204
logos,64,evolving_prior,output_projection,16.109134674072266,0.7492519021034241,16.09170101433008,0.04651099623056407
logos,128,fixed_latent,input_projection,0.6125020980834961,0.6064047813415527,0.08620940391157038,0.9900452312554983
logos,128,fixed_latent,stage8_position,0.6128330826759338,0.6064047813415527,0.08853038115919062,0.9895105184166756
logos,128,fixed_latent,stage8_block0_attention,0.05042211711406708,0.046468790620565414,0.019571443291866542,0.9215953886950388
logos,128,fixed_latent,stage8_block0_attention_residual,0.6150107383728027,0.6082751750946045,0.09077180001238414,0.9890480558176606
logos,128,fixed_latent,stage8_block0_ffn,0.49817606806755066,0.1858639121055603,0.4622055830169746,0.3730888013680294
logos,128,fixed_latent,stage8_block0,0.7948905229568481,0.6367413401603699,0.47582707911318756,0.8010428125269476
logos,128,fixed_latent,stage8_block1_attention,0.8986119031906128,0.05983748659491539,0.8966174366773483,0.06658879810344857
logos,128,fixed_latent,stage8_block1_attention_residual,1.378380537033081,0.6398499608039856,1.2208705633812058,0.4642041465423196
logos,128,fixed_latent,stage8_block1_ffn,1.230657696723938,0.09594539552927017,1.2269119151685666,0.0779626989573793
logos,128,fixed_latent,stage8_block1,2.3597803115844727,0.6479724645614624,2.2690735563466986,0.27459016476257564
logos,128,fixed_latent,stage16_upsample,2.338916540145874,0.5691257119178772,2.2686177522451674,0.24332878157438736
logos,128,fixed_latent,stage16_position,2.3394052982330322,0.569125771522522,2.2691216374601155,0.2432779698124076
logos,128,fixed_latent,stage16_block0_attention,1.0005457401275635,0.018845686689019203,1.000368241289493,0.01883540745135399
logos,128,fixed_latent,stage16_block0_attention_residual,3.110197067260742,0.5699363946914673,3.0575314067403156,0.18324767928401076
logos,128,fixed_latent,stage16_block0_ffn,1.3305448293685913,0.04127218574285507,1.3299045641110874,0.031019011785150256
logos,128,fixed_latent,stage16_block0,4.207146167755127,0.57194983959198,4.168087362069965,0.13594722331626624
logos,128,fixed_latent,stage16_block1_attention,0.8455572128295898,0.010493814945220947,0.8454920934083534,0.012410532115389604
logos,128,fixed_latent,stage16_block1_attention_residual,4.838533878326416,0.5723738670349121,4.804560151361201,0.1182948970552395
logos,128,fixed_latent,stage16_block1_ffn,1.286861538887024,0.027237508445978165,1.286573254191278,0.02116584234037738
logos,128,fixed_latent,stage16_block1,5.933740139007568,0.5736278295516968,5.905948116131174,0.09667221956363552
logos,128,fixed_latent,stage32_upsample,5.933740139007568,0.5736278295516968,5.905948116131174,0.09667221956363552
logos,128,fixed_latent,stage32_position,5.934025764465332,0.5736278295516968,5.906235085610983,0.09666756639088873
logos,128,fixed_latent,stage32_block0_attention,0.2758238613605499,0.005337229929864407,0.27577221845668143,0.019350138539637494
logos,128,fixed_latent,stage32_block0_attention_residual,6.021223068237305,0.5736659169197083,5.993833051832336,0.0952739851054293
logos,128,fixed_latent,stage32_block0_ffn,0.26141244173049927,0.020283984020352364,0.2606242979535173,0.0775937973191955
logos,128,fixed_latent,stage32_block0,6.1586995124816895,0.5740361213684082,6.13188895988883,0.09320735980137088
logos,128,fixed_latent,stage32_block1_attention,0.28981760144233704,0.005374388303607702,0.28976776572999174,0.018544036928264368
logos,128,fixed_latent,stage32_block1_attention_residual,6.244855880737305,0.5741215348243713,6.218408915022412,0.0919351136021072
logos,128,fixed_latent,stage32_block1_ffn,0.26211804151535034,0.019413337111473083,0.26139814465684186,0.07406333802603277
logos,128,fixed_latent,stage32_block1,6.383032321929932,0.5743959546089172,6.35713543273471,0.08998794391742115
logos,128,fixed_latent,stage64_unwindows,6.503686428070068,0.5750270485877991,6.478215884644106,0.08841555553877388
logos,128,fixed_latent,stage128_unwindows,6.460207462310791,0.5752888917922974,6.43454140922851,0.08905114814788298
logos,128,fixed_latent,output_projection,16.894908905029297,0.7453690767288208,16.878458811416838,0.04411796955631637
logos,128,evolving_prior,input_projection,0.6132545471191406,0.6071270704269409,0.08647462007492483,0.9900082653753087
logos,128,evolving_prior,stage8_position,0.6135866641998291,0.6071270704269409,0.08879929526000847,0.9894724019445369
logos,128,evolving_prior,stage8_block0_attention,0.050316035747528076,0.04636136069893837,0.019553201463940784,0.9214032864506025
logos,128,evolving_prior,stage8_block0_attention_residual,0.6157565116882324,0.6089908480644226,0.09102872436893561,0.9890124367418215
logos,128,evolving_prior,stage8_block0_ffn,0.4981299340724945,0.1858537793159485,0.4621599332839731,0.37310301309637933
logos,128,evolving_prior,stage8_block0,0.7954002022743225,0.6374267935752869,0.475761037297467,0.8013912892562318
logos,128,evolving_prior,stage8_block1_attention,0.8976017236709595,0.05913061276078224,0.89565195526589,0.06587622461212897
logos,128,evolving_prior,stage8_block1_attention_residual,1.3777966499328613,0.6404626965522766,1.2198898076839573,0.46484558993773556
logos,128,evolving_prior,stage8_block1_ffn,1.230162501335144,0.09578205645084381,1.2264279747923177,0.07786130397153852
logos,128,evolving_prior,stage8_block1,2.358581781387329,0.6484883427619934,2.267679626577359,0.2749484236160552
logos,128,evolving_prior,stage16_upsample,2.3376526832580566,0.5695026516914368,2.267220059292881,0.2436215849215478
logos,128,evolving_prior,stage16_position,2.338141679763794,0.5695026516914368,2.267724243457541,0.24357063415805053
logos,128,evolving_prior,stage16_block0_attention,1.0004807710647583,0.018855582922697067,1.0003030742045025,0.018846522060219185
logos,128,evolving_prior,stage16_block0_attention_residual,3.108865261077881,0.5703080892562866,3.05610731075754,0.18344574028227714
logos,128,evolving_prior,stage16_block0_ffn,1.3304710388183594,0.04136290028691292,1.3298279195498413,0.031088914437137124
logos,128,evolving_prior,stage16_block0,4.205750942230225,0.5723243951797485,4.16662762612074,0.136081380719196
logos,128,evolving_prior,stage16_block1_attention,0.845543384552002,0.010537701658904552,0.8454777182181695,0.01246263864330012
logos,128,evolving_prior,stage16_block1_attention_residual,4.837132930755615,0.5727563500404358,4.803103700034881,0.11840823029665318
logos,128,evolving_prior,stage16_block1_ffn,1.2868173122406006,0.02729858085513115,1.2865277232012604,0.021214029835827264
logos,128,evolving_prior,stage16_block1,5.932312965393066,0.5740165114402771,5.9044764513007095,0.09676099605480669
logos,128,evolving_prior,stage32_upsample,5.932312965393066,0.5740165114402771,5.9044764513007095,0.09676099605480669
logos,128,evolving_prior,stage32_position,5.93259859085083,0.5740165114402771,5.9047634232676245,0.09675633748851932
logos,128,evolving_prior,stage32_block0_attention,0.27582085132598877,0.005344459321349859,0.2757690678461884,0.019376560168155373
logos,128,evolving_prior,stage32_block0_attention_residual,6.0197930335998535,0.5740554332733154,5.992359178729752,0.09536132389754746
logos,128,evolving_prior,stage32_block0_ffn,0.2614087164402008,0.020309068262577057,0.2606186078875016,0.07769086103608526
logos,128,evolving_prior,stage32_block0,6.157266139984131,0.5744292140007019,6.1304124980867005,0.09329289995611305
logos,128,evolving_prior,stage32_block1_attention,0.2898222804069519,0.005384265910834074,0.289772262131639,0.018577819149286228
logos,128,evolving_prior,stage32_block1_attention_residual,6.243424892425537,0.5745146870613098,6.216935520150557,0.09201915566539537
logos,128,evolving_prior,stage32_block1_ffn,0.26211825013160706,0.019438212737441063,0.26139650521311436,0.07415818138447561
logos,128,evolving_prior,stage32_block1,6.381600856781006,0.5747897624969482,6.355662532277557,0.09006983911978514
logos,128,evolving_prior,stage64_unwindows,6.502263069152832,0.5754188895225525,6.476752127575167,0.08849517212743636
logos,128,evolving_prior,stage128_unwindows,6.458789348602295,0.5756858587265015,6.433082126141465,0.0891321620283346
logos,128,evolving_prior,output_projection,16.891206741333008,0.7452319860458374,16.874759093552353,0.04411952310205551
logos,256,fixed_latent,input_projection,0.6127964854240417,0.6066986918449402,0.08623357734488417,0.9900492353919392
logos,256,fixed_latent,stage8_position,0.613128662109375,0.6066986918449402,0.08856327463271922,0.9895128532365238
logos,256,fixed_latent,stage8_block0_attention,0.061295926570892334,0.054808683693408966,0.027444467675290605,0.8941651877962805
logos,256,fixed_latent,stage8_block0_attention_residual,0.6165698170661926,0.6095215082168579,0.09296166058158092,0.9885685146203353
logos,256,fixed_latent,stage8_block0_ffn,1.001162052154541,0.21627743542194366,0.9775221356069635,0.21602640147666996
logos,256,fixed_latent,stage8_block0,1.1931747198104858,0.6509342789649963,0.9999752379249957,0.545548165040226
logos,256,fixed_latent,stage8_block1_attention,3.499922275543213,0.09026531130075455,3.4987580808651746,0.02579066167597814
logos,256,fixed_latent,stage8_block1_attention_residual,4.311560153961182,0.6613456606864929,4.260536689000215,0.15338894438916537
logos,256,fixed_latent,stage8_block1_ffn,3.074058771133423,0.04027402028441429,3.0737949397564663,0.01310125254032311
logos,256,fixed_latent,stage8_block1,7.139390468597412,0.6638216972351074,7.108462352533034,0.09298016408472477
logos,256,fixed_latent,stage16_upsample,7.132447719573975,0.5862108469009399,7.108316770898134,0.0821892946081005
logos,256,fixed_latent,stage16_position,7.13321590423584,0.5862108469009399,7.109087563071566,0.0821804435434005
logos,256,fixed_latent,stage16_block0_attention,2.166293144226074,0.007747215684503317,2.1662792911741615,0.003576254536535069
logos,256,fixed_latent,stage16_block0_attention_residual,9.019416809082031,0.586449921131134,9.000330886470607,0.06502082490972286
logos,256,fixed_latent,stage16_block0_ffn,2.9668455123901367,0.01762661151587963,2.9667931503486993,0.0059411962780897744
logos,256,fixed_latent,stage16_block0,11.696515083312988,0.5877277851104736,11.681739645479922,0.05024811073419334
logos,256,fixed_latent,stage16_block1_attention,1.923148512840271,0.005040178541094065,1.9231419081908698,0.002620795277869776
logos,256,fixed_latent,stage16_block1_attention_residual,13.324317932128906,0.5881004333496094,13.311332999994626,0.0441373762128209
logos,256,fixed_latent,stage16_block1_ffn,3.2823545932769775,0.014550220221281052,3.282322343569867,0.004432860560246377
logos,256,fixed_latent,stage16_block1,16.191944122314453,0.5895510911941528,16.181207741421076,0.0364101485739245
logos,256,fixed_latent,stage32_upsample,16.191944122314453,0.5895510911941528,16.181207741421076,0.0364101485739245
logos,256,fixed_latent,stage32_position,16.192617416381836,0.5895510911941528,16.181881482206702,0.03640863462862481
logos,256,fixed_latent,stage32_block0_attention,0.32325902581214905,0.0021379573736339808,0.32325195576715104,0.0066137592547110555
logos,256,fixed_latent,stage32_block0_attention_residual,16.299413681030273,0.5895724892616272,16.288747362067554,0.03617139246841674
logos,256,fixed_latent,stage32_block0_ffn,0.3695061504840851,0.007547876797616482,0.36942905245989427,0.020426931426521883
logos,256,fixed_latent,stage32_block0,16.525463104248047,0.5897250175476074,16.51493733604648,0.035685839109465704
logos,256,fixed_latent,stage32_block1_attention,0.36425575613975525,0.0023515592329204082,0.364248165472551,0.006455791551083073
logos,256,fixed_latent,stage32_block1_attention_residual,16.6380672454834,0.5897414684295654,16.627612175704666,0.03544531102851852
logos,256,fixed_latent,stage32_block1_ffn,0.3624027967453003,0.007426008582115173,0.3623267054542817,0.02049103552402835
logos,256,fixed_latent,stage32_block1,16.85873794555664,0.5898061990737915,16.848417544816648,0.03498519289987797
logos,256,fixed_latent,stage64_unwindows,17.045387268066406,0.5898517370223999,17.035178368502397,0.03460477182160916
logos,256,fixed_latent,stage128_unwindows,17.02225685119629,0.5896417498588562,17.0120413506117,0.034639457917556765
logos,256,fixed_latent,output_projection,48.19696807861328,0.8456770181655884,48.189548268808394,0.017546270063839256
logos,256,evolving_prior,input_projection,0.6136263608932495,0.6074913740158081,0.08655369015517503,0.9900020806333829
logos,256,evolving_prior,stage8_position,0.6139596104621887,0.6074913740158081,0.08888550936608319,0.989464719932454
logos,256,evolving_prior,stage8_block0_attention,0.06101972609758377,0.05463068187236786,0.027182633632234453,0.8952954293010355
logos,256,evolving_prior,stage8_block0_attention_residual,0.6173734664916992,0.6103001236915588,0.0931866736719647,0.9885428461311505
logos,256,evolving_prior,stage8_block0_ffn,0.9999738931655884,0.21628548204898834,0.9763034247955809,0.2162911287256707
logos,256,evolving_prior,stage8_block0,1.1923364400863647,0.6516561508178711,0.9985041048784232,0.5465371424617951
logos,256,evolving_prior,stage8_block1_attention,3.4975898265838623,0.08905604481697083,3.496455865001658,0.025462117981957
logos,256,evolving_prior,stage8_block1_attention_residual,4.308169841766357,0.6619265675544739,4.257015457415055,0.15364449217793205
logos,256,evolving_prior,stage8_block1_ffn,3.0738582611083984,0.04043591022491455,3.073592286974417,0.013154773834735574
logos,256,evolving_prior,stage8_block1,7.135836124420166,0.6643716096878052,7.104841135368239,0.09310354079099452
logos,256,evolving_prior,stage16_upsample,7.128868579864502,0.5866164565086365,7.104691996274896,0.08228745556700756
logos,256,evolving_prior,stage16_position,7.129637241363525,0.5866164565086365,7.105463273171634,0.08227858397974362
logos,256,evolving_prior,stage16_block0_attention,2.166208028793335,0.007784728426486254,2.166194040711042,0.0035937122949464186
logos,256,evolving_prior,stage16_block0_attention_residual,9.01579761505127,0.5868404507637024,8.996678549382079,0.0650902422414642
logos,256,evolving_prior,stage16_block0_ffn,2.9667162895202637,0.017658820375800133,2.966663733652302,0.00595231179947297
logos,256,evolving_prior,stage16_block0,11.692843437194824,0.5881087183952332,11.67804417623506,0.050296467369473616
logos,256,evolving_prior,stage16_block1_attention,1.923063039779663,0.005028985906392336,1.9230564641391452,0.0026150915504925608
logos,256,evolving_prior,stage16_block1_attention_residual,13.32060718536377,0.5884705781936646,13.307602269581299,0.04417745903056552
logos,256,evolving_prior,stage16_block1_ffn,3.282207489013672,0.014560656622052193,3.2821751915789275,0.004436238924805994
logos,256,evolving_prior,stage16_block1,16.188186645507812,0.5899085402488708,16.177434740524806,0.03644068067454419
logos,256,evolving_prior,stage32_upsample,16.188186645507812,0.5899085402488708,16.177434740524806,0.03644068067454419
logos,256,evolving_prior,stage32_position,16.188858032226562,0.5899085998535156,16.178106571271105,0.03643917308306777
logos,256,evolving_prior,stage32_block0_attention,0.323262095451355,0.002136742928996682,0.3232550335033568,0.006609939609570534
logos,256,evolving_prior,stage32_block0_attention_residual,16.295658111572266,0.5899298787117004,16.284976390141132,0.03620166026266624
logos,256,evolving_prior,stage32_block0_ffn,0.3695041835308075,0.0075568463653326035,0.36942690172722864,0.020451314767597345
logos,256,evolving_prior,stage32_block0,16.521705627441406,0.5900810956954956,16.511164742086848,0.03571550716382526
logos,256,evolving_prior,stage32_block1_attention,0.36425769329071045,0.0023472143802791834,0.3642501306878589,0.0064438292547081355
logos,256,evolving_prior,stage32_block1_attention_residual,16.634313583374023,0.590097963809967,16.623843502124558,0.03547474086335425
logos,256,evolving_prior,stage32_block1_ffn,0.36240190267562866,0.007434197701513767,0.3623256432650753,0.020513682865974957
logos,256,evolving_prior,stage32_block1,16.854984283447266,0.5901622176170349,16.844649113357978,0.03501410666971752
logos,256,evolving_prior,stage64_unwindows,17.041641235351562,0.5902060270309448,17.03141781649699,0.034633168183743256
logos,256,evolving_prior,stage128_unwindows,17.018516540527344,0.5899977087974548,17.008286449369805,0.03466798691839288
logos,256,evolving_prior,output_projection,48.18659591674805,0.8449869751930237,48.179186616792464,0.017535726670813337
logos,512,fixed_latent,input_projection,0.6128061413764954,0.6067085266113281,0.08623300206916475,0.9900496839808578
logos,512,fixed_latent,stage8_position,0.6131383776664734,0.6067085266113281,0.08856316336144676,0.9895132138366278
logos,512,fixed_latent,stage8_block0_attention,0.06158583611249924,0.05520208925008774,0.02730466172837457,0.8963439117599984
logos,512,fixed_latent,stage8_block0_attention_residual,0.6166170835494995,0.609573245048523,0.09293592763890536,0.9885766406917736
logos,512,fixed_latent,stage8_block0_ffn,0.9984627962112427,0.21542412042617798,0.9749463594252665,0.21575578103022394
logos,512,fixed_latent,stage8_block0,1.1907576322555542,0.6506027579307556,0.9973062669750693,0.5463771470424021
logos,512,fixed_latent,stage8_block1_attention,3.538120746612549,0.09078735113143921,3.536955763716119,0.02565976619604077
logos,512,fixed_latent,stage8_block1_attention_residual,4.335404872894287,0.6607072949409485,4.284763853741224,0.152398060691357
logos,512,fixed_latent,stage8_block1_ffn,2.975738286972046,0.04177337512373924,2.9754450654787927,0.014037986911223172
logos,512,fixed_latent,stage8_block1,7.061680793762207,0.6634489297866821,7.030446013629216,0.09395056915808575
logos,512,fixed_latent,stage16_upsample,7.054672718048096,0.5857959389686584,7.0303094012041845,0.08303658615799514
logos,512,fixed_latent,stage16_position,7.055438041687012,0.5857959389686584,7.03107737675899,0.08302757894088032
logos,512,fixed_latent,stage16_block0_attention,2.1698360443115234,0.008578029461205006,2.169819088450473,0.003953307662896146
logos,512,fixed_latent,stage16_block0_attention_residual,8.966695785522461,0.5861184597015381,8.947519123271174,0.06536615869670512
logos,512,fixed_latent,stage16_block0_ffn,3.104893445968628,0.01882406882941723,3.104836383008233,0.006062710091986657
logos,512,fixed_latent,stage16_block0,11.793397903442383,0.587590217590332,11.778750860983152,0.04982365747354458
logos,512,fixed_latent,stage16_block1_attention,1.9685384035110474,0.005321642849594355,1.9685312103736645,0.0027033472347315016
logos,512,fixed_latent,stage16_block1_attention_residual,13.486276626586914,0.5879608988761902,13.473453871603125,0.04359697751691383
logos,512,fixed_latent,stage16_block1_ffn,3.59960675239563,0.015159751288592815,3.599574829592112,0.004211502069914614
logos,512,fixed_latent,stage16_block1,16.676002502441406,0.5894882082939148,16.66558019133191,0.03534949147480713
logos,512,fixed_latent,stage32_upsample,16.676002502441406,0.5894882082939148,16.66558019133191,0.03534949147480713
logos,512,fixed_latent,stage32_position,16.676679611206055,0.5894882082939148,16.66625772352924,0.0353480562100505
logos,512,fixed_latent,stage32_block0_attention,0.2914000451564789,0.002144433092325926,0.29139215453390377,0.007359069183309107
logos,512,fixed_latent,stage32_block0_attention_residual,16.762781143188477,0.5895119309425354,16.752411985672737,0.03516790715734438
logos,512,fixed_latent,stage32_block0_ffn,0.36829373240470886,0.007443333975970745,0.36821850864386685,0.02021031943001259
logos,512,fixed_latent,stage32_block0,16.9879207611084,0.5896604061126709,16.97768395250544,0.03471056961029748
logos,512,fixed_latent,stage32_block1_attention,0.3409090042114258,0.0023046073038131,0.34090121433870124,0.006760183143721903
logos,512,fixed_latent,stage32_block1_attention_residual,17.084583282470703,0.589676558971405,17.074403869285657,0.03451512683814951
logos,512,fixed_latent,stage32_block1_ffn,0.36298227310180664,0.007354614790529013,0.3629077571882936,0.020261636271328997
logos,512,fixed_latent,stage32_block1,17.304750442504883,0.5897447466850281,17.294698291994873,0.03407993363697777
logos,512,fixed_latent,stage64_unwindows,17.480283737182617,0.5897996425628662,17.470330732817963,0.03374085063094789
logos,512,fixed_latent,stage128_unwindows,17.451244354248047,0.5896092653274536,17.441281215149143,0.03378608730465279
logos,512,fixed_latent,output_projection,49.18836975097656,0.8470395803451538,49.18107606293415,0.017220322296376513
logos,512,evolving_prior,input_projection,0.6135916709899902,0.6074579954147339,0.08654202744910457,0.9900036524854386
logos,512,evolving_prior,stage8_position,0.6139249801635742,0.6074579954147339,0.08887443431920196,0.9894661645025142
logos,512,evolving_prior,stage8_block0_attention,0.061279017478227615,0.054988130927085876,0.027044841287065954,0.8973402836725167
logos,512,evolving_prior,stage8_block0_attention_residual,0.6173721551895142,0.6103041768074036,0.09315143463620432,0.9885515109116948
logos,512,evolving_prior,stage8_block0_ffn,0.9972547888755798,0.21535147726535797,0.97372524624501,0.21594428993233522
logos,512,evolving_prior,stage8_block0,1.1898651123046875,0.6512377858161926,0.9958254524790323,0.5473206828921889
logos,512,evolving_prior,stage8_block1_attention,3.5357937812805176,0.08962805569171906,3.534657617842908,0.025348779152855317
logos,512,evolving_prior,stage8_block1_attention_residual,4.332014560699463,0.6611909866333008,4.281258767384546,0.15262898528359112
logos,512,evolving_prior,stage8_block1_ffn,2.9755454063415527,0.04196099936962128,2.9752495256250726,0.014101952294256039
logos,512,evolving_prior,stage8_block1,7.058143615722656,0.6639130115509033,7.026849280670527,0.0940634035941089
logos,512,evolving_prior,stage16_upsample,7.051112174987793,0.5861147046089172,7.02670993120552,0.08312372432366415
logos,512,evolving_prior,stage16_position,7.051877498626709,0.5861147046089172,7.027477912357953,0.08311470310184173
logos,512,evolving_prior,stage16_block0_attention,2.1697404384613037,0.008630733005702496,2.1697232728488753,0.003977772111683128
logos,512,evolving_prior,stage16_block0_attention_residual,8.96308422088623,0.5864256024360657,8.943879681855476,0.06542676471448826
logos,512,evolving_prior,stage16_block0_ffn,3.1047604084014893,0.018866263329982758,3.1047030868805066,0.0060765601361478985
logos,512,evolving_prior,stage16_block0,11.789734840393066,0.5878918170928955,11.775068187410778,0.04986471918594018
logos,512,evolving_prior,stage16_block1_attention,1.9684486389160156,0.005322929006069899,1.9684414419730933,0.00270412389779249
logos,512,evolving_prior,stage16_block1_attention_residual,13.48256778717041,0.5882543325424194,13.469728689765443,0.043630734280615584
logos,512,evolving_prior,stage16_block1_ffn,3.5994720458984375,0.015184982679784298,3.5994400155448205,0.004218669428781211
logos,512,evolving_prior,stage16_block1,16.672256469726562,0.5897733569145203,16.66182172452379,0.03537453721308985
logos,512,evolving_prior,stage32_upsample,16.672256469726562,0.5897733569145203,16.66182172452379,0.03537453721308985
logos,512,evolving_prior,stage32_position,16.672931671142578,0.5897733569145203,16.662497348778874,0.035373104655331666
logos,512,evolving_prior,stage32_block0_attention,0.2914023697376251,0.0021420984994620085,0.2913944963494029,0.007350998900217338
logos,512,evolving_prior,stage32_block0_attention_residual,16.759035110473633,0.5897969603538513,16.74865359901044,0.035192775506822295
logos,512,evolving_prior,stage32_block0_ffn,0.36829227209091187,0.007451666984707117,0.3682168794895683,0.02023302564129745
logos,512,evolving_prior,stage32_block0,16.984172821044922,0.5899443030357361,16.973923887376092,0.034734944660050907
logos,512,evolving_prior,stage32_block1_attention,0.34091052412986755,0.002300306921824813,0.34090276333665354,0.006747538603262733
logos,512,evolving_prior,stage32_block1_attention_residual,17.080839157104492,0.5899609327316284,17.070647685683298,0.034539341264521184
logos,512,evolving_prior,stage32_block1_ffn,0.36298176646232605,0.007361984346061945,0.362907101019805,0.02028196737762597
logos,512,evolving_prior,stage32_block1,17.301008224487305,0.5900286436080933,17.290944213185682,0.034103714416653774
logos,512,evolving_prior,stage64_unwindows,17.476545333862305,0.5900821685791016,17.466580656810574,0.033764234138183295
logos,512,evolving_prior,stage128_unwindows,17.447505950927734,0.5898930430412292,17.43753107826421,0.03380959116451042
logos,512,evolving_prior,output_projection,49.177978515625,0.8461461663246155,49.17069866850061,0.017205793972515055
cifar_replicated,0,fixed_latent,input_projection,0.581482470035553,0.5724968910217285,0.10182913497178925,0.9845471196865573
cifar_replicated,0,fixed_latent,stage8_position,0.5818389058113098,0.5724968910217285,0.10384518325929883,0.9839439839854729
cifar_replicated,0,fixed_latent,stage8_block0_attention,0.057348139584064484,0.04325546324253082,0.037653340003609356,0.7542609674220427
cifar_replicated,0,fixed_latent,stage8_block0_attention_residual,0.5846015810966492,0.574080765247345,0.11040961730630566,0.9820034427044
cifar_replicated,0,fixed_latent,stage8_block0_ffn,0.19669866561889648,0.18276415765285492,0.0727160761709324,0.9291580961050357
cifar_replicated,0,fixed_latent,stage8_block0,0.6163161993026733,0.6018022298812866,0.13296515946970325,0.9764504495617534
cifar_replicated,0,fixed_latent,stage8_block1_attention,0.07650873810052872,0.049685999751091,0.05817979403942471,0.6494160142310287
cifar_replicated,0,fixed_latent,stage8_block1_attention_residual,0.6207671761512756,0.6038544178009033,0.14391570132949694,0.9727550698552869
cifar_replicated,0,fixed_latent,stage8_block1_ffn,0.20105481147766113,0.18194428086280823,0.08555300041280502,0.9049486531836805
cifar_replicated,0,fixed_latent,stage8_block1,0.6512296199798584,0.6293317675590515,0.1674560965749254,0.9663746062080466
cifar_replicated,0,fixed_latent,stage16_upsample,0.6512296199798584,0.6293317675590515,0.1674560965749254,0.9663746062080466
cifar_replicated,0,fixed_latent,stage16_position,0.6515887975692749,0.6293317675590515,0.16884752725098898,0.9658419081278679
cifar_replicated,0,fixed_latent,stage16_block0_attention,0.08008936792612076,0.029927631840109825,0.07428757437989468,0.373677962694335
cifar_replicated,0,fixed_latent,stage16_block0_attention_residual,0.656412661075592,0.6297913193702698,0.18504182139774492,0.9594441983161922
cifar_replicated,0,fixed_latent,stage16_block0_ffn,0.2002747654914856,0.17958585917949677,0.08865044204870896,0.89669738840429
cifar_replicated,0,fixed_latent,stage16_block0,0.6876303553581238,0.6552638411521912,0.20848214333226617,0.9529303586531228
cifar_replicated,0,fixed_latent,stage16_block1_attention,0.10632757097482681,0.03258251026272774,0.10121231335359386,0.3064351979830489
cifar_replicated,0,fixed_latent,stage16_block1_attention_residual,0.6913720965385437,0.6557731032371521,0.21899089694052776,0.9485096470053923
cifar_replicated,0,fixed_latent,stage16_block1_ffn,0.19780579209327698,0.1740054190158844,0.09407042860939463,0.8796780780505693
cifar_replicated,0,fixed_latent,stage16_block1,0.7220658659934998,0.6827303767204285,0.23507094149665667,0.9455236826366954
cifar_replicated,0,fixed_latent,stage32_upsample,0.7220658659934998,0.6827303767204285,0.23507094149665667,0.9455236826366954
cifar_replicated,0,fixed_latent,stage32_position,0.7224416732788086,0.6827303767204285,0.23622278466114704,0.9450318302124654
cifar_replicated,0,fixed_latent,stage32_block0_attention,0.1563129723072052,0.03243429213762283,0.15291096103629864,0.20749584413172714
cifar_replicated,0,fixed_latent,stage32_block0_attention_residual,0.7325493693351746,0.6813141703605652,0.26914601943788197,0.9300590497796648
cifar_replicated,0,fixed_latent,stage32_block0_ffn,0.21923157572746277,0.17192132771015167,0.1360350722215594,0.784199662569936
cifar_replicated,0,fixed_latent,stage32_block0,0.7551042437553406,0.701931893825531,0.27834158037890827,0.9295827690421009
cifar_replicated,0,fixed_latent,stage32_block1_attention,0.15481938421726227,0.029146971181035042,0.15205096448357105,0.18826435286767645
cifar_replicated,0,fixed_latent,stage32_block1_attention_residual,0.7722397446632385,0.7026278972625732,0.32041888400329754,0.909857207063304
cifar_replicated,0,fixed_latent,stage32_block1_ffn,0.19302912056446075,0.1672956496477127,0.09629333826822543,0.8666860687056048
cifar_replicated,0,fixed_latent,stage32_block1,0.8064595460891724,0.7347756028175354,0.3323880457875725,0.9111127847400907
cifar_replicated,0,fixed_latent,output_projection,1.0635768175125122,0.9125815629959106,0.5462513502317267,0.8580307016565588
cifar_replicated,0,evolving_prior,input_projection,0.581482470035553,0.5724968910217285,0.10182913497178925,0.9845471196865573
cifar_replicated,0,evolving_prior,stage8_position,0.5818389058113098,0.5724968910217285,0.10384518325929883,0.9839439839854729
cifar_replicated,0,evolving_prior,stage8_block0_attention,0.057348139584064484,0.04325546324253082,0.037653340003609356,0.7542609674220427
cifar_replicated,0,evolving_prior,stage8_block0_attention_residual,0.5846015810966492,0.574080765247345,0.11040961730630566,0.9820034427044
cifar_replicated,0,evolving_prior,stage8_block0_ffn,0.19669866561889648,0.18276415765285492,0.0727160761709324,0.9291580961050357
cifar_replicated,0,evolving_prior,stage8_block0,0.6163161993026733,0.6018022298812866,0.13296515946970325,0.9764504495617534
cifar_replicated,0,evolving_prior,stage8_block1_attention,0.07650873810052872,0.049685999751091,0.05817979403942471,0.6494160142310287
cifar_replicated,0,evolving_prior,stage8_block1_attention_residual,0.6207671761512756,0.6038544178009033,0.14391570132949694,0.9727550698552869
cifar_replicated,0,evolving_prior,stage8_block1_ffn,0.20105481147766113,0.18194428086280823,0.08555300041280502,0.9049486531836805
cifar_replicated,0,evolving_prior,stage8_block1,0.6512296199798584,0.6293317675590515,0.1674560965749254,0.9663746062080466
cifar_replicated,0,evolving_prior,stage16_upsample,0.6512296199798584,0.6293317675590515,0.1674560965749254,0.9663746062080466
cifar_replicated,0,evolving_prior,stage16_position,0.6515887975692749,0.6293317675590515,0.16884752725098898,0.9658419081278679
cifar_replicated,0,evolving_prior,stage16_block0_attention,0.08008936792612076,0.029927631840109825,0.07428757437989468,0.373677962694335
cifar_replicated,0,evolving_prior,stage16_block0_attention_residual,0.656412661075592,0.6297913193702698,0.18504182139774492,0.9594441983161922
cifar_replicated,0,evolving_prior,stage16_block0_ffn,0.2002747654914856,0.17958585917949677,0.08865044204870896,0.89669738840429
cifar_replicated,0,evolving_prior,stage16_block0,0.6876303553581238,0.6552638411521912,0.20848214333226617,0.9529303586531228
cifar_replicated,0,evolving_prior,stage16_block1_attention,0.10632757097482681,0.03258251026272774,0.10121231335359386,0.3064351979830489
cifar_replicated,0,evolving_prior,stage16_block1_attention_residual,0.6913720965385437,0.6557731032371521,0.21899089694052776,0.9485096470053923
cifar_replicated,0,evolving_prior,stage16_block1_ffn,0.19780579209327698,0.1740054190158844,0.09407042860939463,0.8796780780505693
cifar_replicated,0,evolving_prior,stage16_block1,0.7220658659934998,0.6827303767204285,0.23507094149665667,0.9455236826366954
cifar_replicated,0,evolving_prior,stage32_upsample,0.7220658659934998,0.6827303767204285,0.23507094149665667,0.9455236826366954
cifar_replicated,0,evolving_prior,stage32_position,0.7224416732788086,0.6827303767204285,0.23622278466114704,0.9450318302124654
cifar_replicated,0,evolving_prior,stage32_block0_attention,0.1563129723072052,0.03243429213762283,0.15291096103629864,0.20749584413172714
cifar_replicated,0,evolving_prior,stage32_block0_attention_residual,0.7325493693351746,0.6813141703605652,0.26914601943788197,0.9300590497796648
cifar_replicated,0,evolving_prior,stage32_block0_ffn,0.21923157572746277,0.17192132771015167,0.1360350722215594,0.784199662569936
cifar_replicated,0,evolving_prior,stage32_block0,0.7551042437553406,0.701931893825531,0.27834158037890827,0.9295827690421009
cifar_replicated,0,evolving_prior,stage32_block1_attention,0.15481938421726227,0.029146971181035042,0.15205096448357105,0.18826435286767645
cifar_replicated,0,evolving_prior,stage32_block1_attention_residual,0.7722397446632385,0.7026278972625732,0.32041888400329754,0.909857207063304
cifar_replicated,0,evolving_prior,stage32_block1_ffn,0.19302912056446075,0.1672956496477127,0.09629333826822543,0.8666860687056048
cifar_replicated,0,evolving_prior,stage32_block1,0.8064595460891724,0.7347756028175354,0.3323880457875725,0.9111127847400907
cifar_replicated,0,evolving_prior,output_projection,1.0635768175125122,0.9125815629959106,0.5462513502317267,0.8580307016565588
cifar_replicated,1,fixed_latent,input_projection,0.5814943909645081,0.5725098252296448,0.10182448987697283,0.9845491790213817
cifar_replicated,1,fixed_latent,stage8_position,0.5818500518798828,0.5725098252296448,0.10383632740107826,0.9839473647547835
cifar_replicated,1,fixed_latent,stage8_block0_attention,0.05737048387527466,0.04329461231827736,0.03764238255335621,0.7546495932019902
cifar_replicated,1,fixed_latent,stage8_block0_attention_residual,0.5846189260482788,0.5741012692451477,0.11039484292734561,0.9820093802398342
cifar_replicated,1,fixed_latent,stage8_block0_ffn,0.21766935288906097,0.18373635411262512,0.11670860878505314,0.8441075956442504
cifar_replicated,1,fixed_latent,stage8_block0,0.6234894394874573,0.6021824479103088,0.16160253890682483,0.9658262189738708
cifar_replicated,1,fixed_latent,stage8_block1_attention,0.09314073622226715,0.049447495490312576,0.07893124814521474,0.5308901077645891
cifar_replicated,1,fixed_latent,stage8_block1_attention_residual,0.6339727640151978,0.6042433381080627,0.19186311230951872,0.9531061465182716
cifar_replicated,1,fixed_latent,stage8_block1_ffn,0.22682219743728638,0.18015465140342712,0.13781368157040497,0.7942549425888431
cifar_replicated,1,fixed_latent,stage8_block1,0.6869304776191711,0.6295187473297119,0.2749174927910789,0.9164227936305254
cifar_replicated,1,fixed_latent,stage16_upsample,0.6869304776191711,0.6295187473297119,0.2749174927910789,0.9164227936305254
cifar_replicated,1,fixed_latent,stage16_position,0.6872250437736511,0.6295187473297119,0.27565269371099393,0.9160299861497107
cifar_replicated,1,fixed_latent,stage16_block0_attention,0.11990932375192642,0.02917315624654293,0.11630637504994772,0.2432934765514783
cifar_replicated,1,fixed_latent,stage16_block0_attention_residual,0.7038968205451965,0.6300692558288574,0.31382075589881947,0.8951159281282778
cifar_replicated,1,fixed_latent,stage16_block0_ffn,0.23430882394313812,0.17424967885017395,0.15664505864606051,0.7436752740155477
cifar_replicated,1,fixed_latent,stage16_block0,0.7739226818084717,0.6550485491752625,0.41215011299404086,0.8464005055964648
cifar_replicated,1,fixed_latent,stage16_block1_attention,0.2262461930513382,0.030226504430174828,0.2242179705111881,0.1336000576297699
cifar_replicated,1,fixed_latent,stage16_block1_attention_residual,0.8316437005996704,0.655574381351471,0.5117162057847595,0.7882875573743398
cifar_replicated,1,fixed_latent,stage16_block1_ffn,0.2476753294467926,0.15339918434619904,0.1944524596360203,0.6193559313672109
cifar_replicated,1,fixed_latent,stage16_block1,0.9238790273666382,0.6778547763824463,0.6277462539461539,0.7337051240513137
cifar_replicated,1,fixed_latent,stage32_upsample,0.9238790273666382,0.6778547763824463,0.6277462539461539,0.7337051240513137
cifar_replicated,1,fixed_latent,stage32_position,0.9239817261695862,0.6778547763824463,0.6278973900493868,0.7336235741290341
cifar_replicated,1,fixed_latent,stage32_block0_attention,0.2121243178844452,0.021662916988134384,0.21101527021878383,0.10212368484755843
cifar_replicated,1,fixed_latent,stage32_block0_attention_residual,0.9446412920951843,0.6769149303436279,0.6588879630173409,0.716584100237935
cifar_replicated,1,fixed_latent,stage32_block0_ffn,0.22834475338459015,0.13544833660125732,0.18383436705420939,0.5931747263451601
cifar_replicated,1,fixed_latent,stage32_block0,0.962566614151001,0.6900976896286011,0.6710437135145437,0.7169349938832837
cifar_replicated,1,fixed_latent,stage32_block1_attention,0.2249067723751068,0.020400937646627426,0.2239795928278434,0.09070841856465789
cifar_replicated,1,fixed_latent,stage32_block1_attention_residual,1.0183987617492676,0.6915447115898132,0.7475974517108813,0.6790510137718268
cifar_replicated,1,fixed_latent,stage32_block1_ffn,0.17290890216827393,0.11921960860490799,0.12523646982061684,0.6894937571744234
cifar_replicated,1,fixed_latent,stage32_block1,1.032989501953125,0.7096139788627625,0.7506765696009995,0.6869517817180715
cifar_replicated,1,fixed_latent,output_projection,1.7054847478866577,0.9050623178482056,1.4455242737793268,0.5306774622110861
cifar_replicated,1,evolving_prior,input_projection,0.5815007090568542,0.5725153684616089,0.10182940395039375,0.9845480143784883
cifar_replicated,1,evolving_prior,stage8_position,0.581856369972229,0.5725153684616089,0.10384116790814542,0.9839462073585858
cifar_replicated,1,evolving_prior,stage8_block0_attention,0.057371098548173904,0.043294765055179596,0.03764314369763877,0.7546441701621843
cifar_replicated,1,evolving_prior,stage8_block0_attention_residual,0.5846251845359802,0.5741069912910461,0.11039822890097287,0.9820086552492904
cifar_replicated,1,evolving_prior,stage8_block0_ffn,0.21766988933086395,0.18373678624629974,0.11670892896943283,0.8441075006337464
cifar_replicated,1,evolving_prior,stage8_block0,0.6234952211380005,0.6021878123283386,0.16160485594540083,0.9658258666830329
cifar_replicated,1,evolving_prior,stage8_block1_attention,0.09314041584730148,0.049448736011981964,0.07893009293688667,0.5309052526998634
cifar_replicated,1,evolving_prior,stage8_block1_attention_residual,0.6339787244796753,0.6042490601539612,0.19186478675340776,0.9531062113320694
cifar_replicated,1,evolving_prior,stage8_block1_ffn,0.22682233154773712,0.18015514314174652,0.13781325947937087,0.7942566409244012
cifar_replicated,1,evolving_prior,stage8_block1,0.6869346499443054,0.6295238137245178,0.27491631680903195,0.9164246027996371
cifar_replicated,1,evolving_prior,stage16_upsample,0.6869346499443054,0.6295238137245178,0.27491631680903195,0.9164246027996371
cifar_replicated,1,evolving_prior,stage16_position,0.687229335308075,0.6295238137245178,0.27565182252565845,0.916031638029991
cifar_replicated,1,evolving_prior,stage16_block0_attention,0.11990512907505035,0.029169656336307526,0.11630292828525944,0.2432727987645117
cifar_replicated,1,evolving_prior,stage16_block0_attention_residual,0.703900158405304,0.6300742626190186,0.3138181903397444,0.895118796458948
cifar_replicated,1,evolving_prior,stage16_block0_ffn,0.2343081384897232,0.17424950003623962,0.15664423225781354,0.7436766864326492
cifar_replicated,1,evolving_prior,stage16_block0,0.7739246487617493,0.6550530791282654,0.4121466067864389,0.8464042076658574
cifar_replicated,1,evolving_prior,stage16_block1_attention,0.22623896598815918,0.03021857887506485,0.22421174639648772,0.1335692936142858
cifar_replicated,1,evolving_prior,stage16_block1_attention_residual,0.8316431045532227,0.6555786728858948,0.5117097390201709,0.788293282655288
cifar_replicated,1,evolving_prior,stage16_block1_ffn,0.247676283121109,0.15340203046798706,0.19445142907416885,0.6193650378424662
cifar_replicated,1,evolving_prior,stage16_block1,0.9238781929016113,0.6778592467308044,0.6277401986018526,0.733710625425481
cifar_replicated,1,evolving_prior,stage32_upsample,0.9238781929016113,0.6778592467308044,0.6277401986018526,0.733710625425481
cifar_replicated,1,evolving_prior,stage32_position,0.9239808917045593,0.6778592467308044,0.6278913360261463,0.7336290748180844
cifar_replicated,1,evolving_prior,stage32_block0_attention,0.2121218889951706,0.02165805920958519,0.2110133272145472,0.10210195332589313
cifar_replicated,1,evolving_prior,stage32_block0_attention_residual,0.9446398615837097,0.6769190430641174,0.65888168682249,0.7165895391384899
cifar_replicated,1,evolving_prior,stage32_block0_ffn,0.22834356129169464,0.13544873893260956,0.18383258988802745,0.5931795850358235
cifar_replicated,1,evolving_prior,stage32_block0,0.9625656008720398,0.6901019215583801,0.6710379079035568,0.7169401451009466
cifar_replicated,1,evolving_prior,stage32_block1_attention,0.2249051332473755,0.020396240055561066,0.22397837474322305,0.09068819266622531
cifar_replicated,1,evolving_prior,stage32_block1_attention_residual,1.0183974504470825,0.691548764705658,0.7475919161622846,0.679055868022906
cifar_replicated,1,evolving_prior,stage32_block1_ffn,0.1729092001914978,0.1192212626338005,0.12523530671047134,0.6895021346565848
cifar_replicated,1,evolving_prior,stage32_block1,1.0329883098602295,0.709618330001831,0.75067081602611,0.6869567866628107
cifar_replicated,1,evolving_prior,output_projection,1.7054734230041504,0.9050629734992981,1.4455105017169894,0.5306813705164936
cifar_replicated,8,fixed_latent,input_projection,0.5816583633422852,0.5726683139801025,0.10186978850087258,0.9845441071103583
cifar_replicated,8,fixed_latent,stage8_position,0.5820206999778748,0.5726683139801025,0.10391870556315641,0.9839311797705343
cifar_replicated,8,fixed_latent,stage8_block0_attention,0.057508815079927444,0.04379047825932503,0.03727811456762362,0.7614567992483192
cifar_replicated,8,fixed_latent,stage8_block0_attention_residual,0.5848530530929565,0.5743547677993774,0.11031633794808395,0.9820497042153415
cifar_replicated,8,fixed_latent,stage8_block0_ffn,0.2703348994255066,0.2178773432970047,0.16003256270283847,0.8059534442649456
cifar_replicated,8,fixed_latent,stage8_block0,0.6481921672821045,0.6194615960121155,0.19084133931618266,0.9556758431832686
cifar_replicated,8,fixed_latent,stage8_block1_attention,0.10407624393701553,0.049739524722099304,0.09142124606707587,0.47791429475683694
cifar_replicated,8,fixed_latent,stage8_block1_attention_residual,0.662208616733551,0.6219168901443481,0.22746347801206654,0.9391555386458904
cifar_replicated,8,fixed_latent,stage8_block1_ffn,0.39718255400657654,0.3468673825263977,0.19348643401146443,0.8733197846364981
cifar_replicated,8,fixed_latent,stage8_block1,0.8350681066513062,0.7601682543754578,0.3456630842105743,0.9103068939176672
cifar_replicated,8,fixed_latent,stage16_upsample,0.8350681066513062,0.760168194770813,0.3456632152906649,0.910306822540681
cifar_replicated,8,fixed_latent,stage16_position,0.835500180721283,0.7601682543754578,0.3467056057018199,0.909836133990071
cifar_replicated,8,fixed_latent,stage16_block0_attention,0.10968649387359619,0.04170280694961548,0.10144950877557543,0.3802000180411839
cifar_replicated,8,fixed_latent,stage16_block0_attention_residual,0.8458616137504578,0.7613653540611267,0.3685168479892117,0.9001062841536408
cifar_replicated,8,fixed_latent,stage16_block0_ffn,0.49945536255836487,0.43204084038734436,0.2505920418243663,0.8650239296146457
cifar_replicated,8,fixed_latent,stage16_block0,1.1436642408370972,1.0256624221801758,0.5059490997096335,0.896821274598434
cifar_replicated,8,fixed_latent,stage16_block1_attention,0.14542391896247864,0.05223016068339348,0.13572076672857566,0.3591579779724515
cifar_replicated,8,fixed_latent,stage16_block1_attention_residual,1.143137812614441,1.024420976638794,0.5072728272353529,0.8961482730554309
cifar_replicated,8,fixed_latent,stage16_block1_ffn,0.5659213066101074,0.5111039876937866,0.24298073799953943,0.9031361458279794
cifar_replicated,8,fixed_latent,stage16_block1,1.5395969152450562,1.390072226524353,0.6618594008380635,0.9028806259351959
cifar_replicated,8,fixed_latent,stage32_upsample,1.5395969152450562,1.390072226524353,0.6618594008380635,0.9028806259351959
cifar_replicated,8,fixed_latent,stage32_position,1.5397982597351074,1.390072226524353,0.6623276271822678,0.9027625649891877
cifar_replicated,8,fixed_latent,stage32_block0_attention,0.16391490399837494,0.05686437711119652,0.15373528667339878,0.34691401284510576
cifar_replicated,8,fixed_latent,stage32_block0_attention_residual,1.5443317890167236,1.3869686126708984,0.6791750452080505,0.8981027409621488
cifar_replicated,8,fixed_latent,stage32_block0_ffn,0.21725353598594666,0.173572838306427,0.1306582132919625,0.7989413728927974
cifar_replicated,8,fixed_latent,stage32_block0,1.5639214515686035,1.4118647575378418,0.6726724411621596,0.9027721668001614
cifar_replicated,8,fixed_latent,stage32_block1_attention,0.18382585048675537,0.05171862989664078,0.1764004723032034,0.2813457941834307
cifar_replicated,8,fixed_latent,stage32_block1_attention_residual,1.5752148628234863,1.4175933599472046,0.6868267102360027,0.8999365060625737
cifar_replicated,8,fixed_latent,stage32_block1_ffn,0.20452623069286346,0.15934568643569946,0.1282182953238973,0.7790965779591786
cifar_replicated,8,fixed_latent,stage32_block1,1.6192001104354858,1.4553852081298828,0.7096921118280992,0.8988297362075002
cifar_replicated,8,fixed_latent,output_projection,4.006868839263916,3.7060019969940186,1.5233342027738064,0.9249122308867069
cifar_replicated,8,evolving_prior,input_projection,0.5816929340362549,0.5727139115333557,0.10181082969836942,0.9845639821673688
cifar_replicated,8,evolving_prior,stage8_position,0.582055389881134,0.5727139115333557,0.10386169855072924,0.9839508773388629
cifar_replicated,8,evolving_prior,stage8_block0_attention,0.057511795312166214,0.04379526153206825,0.03727709306486017,0.7615005112317138
cifar_replicated,8,evolving_prior,stage8_block0_attention_residual,0.5848872661590576,0.574400782585144,0.11025812931748112,0.9820709319886923
cifar_replicated,8,evolving_prior,stage8_block0_ffn,0.2703462243080139,0.21789376437664032,0.16002933619613663,0.8059804235637748
cifar_replicated,8,evolving_prior,stage8_block0,0.6482285857200623,0.6195133328437805,0.19079709057903194,0.9557019645402024
cifar_replicated,8,evolving_prior,stage8_block1_attention,0.10407352447509766,0.04975064471364021,0.09141209902001975,0.4780336302105765
cifar_replicated,8,evolving_prior,stage8_block1_attention_residual,0.6622405052185059,0.621969997882843,0.22741110018131952,0.9391905100664666
cifar_replicated,8,evolving_prior,stage8_block1_ffn,0.39717841148376465,0.3468919098377228,0.19343395109934522,0.8733906471447344
cifar_replicated,8,evolving_prior,stage8_block1,0.835094153881073,0.7602333426475525,0.3455828563069561,0.9103564419824911
cifar_replicated,8,evolving_prior,stage16_upsample,0.835094153881073,0.7602333426475525,0.3455828563069561,0.9103564419824911
cifar_replicated,8,evolving_prior,stage16_position,0.8355263471603394,0.7602333426475525,0.34662593891113946,0.9098855412894143
cifar_replicated,8,evolving_prior,stage16_block0_attention,0.10968448221683502,0.04172438755631447,0.10143845977845715,0.3804037427448453
cifar_replicated,8,evolving_prior,stage16_block0_attention_residual,0.8458846807479858,0.7614325881004333,0.36843087126732166,0.9001612222450057
cifar_replicated,8,evolving_prior,stage16_block0_ffn,0.4994405210018158,0.43207263946533203,0.2505076211296303,0.8651133043803652
cifar_replicated,8,evolving_prior,stage16_block0,1.1436694860458374,1.0257542133331299,0.5057748383833282,0.8968974217189339
cifar_replicated,8,evolving_prior,stage16_block1_attention,0.14540711045265198,0.05226413905620575,0.13568967366348597,0.3594331727898836
cifar_replicated,8,evolving_prior,stage16_block1_attention_residual,1.1431506872177124,1.0245145559310913,0.5071128260768474,0.8962200411431613
cifar_replicated,8,evolving_prior,stage16_block1_ffn,0.565926194190979,0.5111579895019531,0.24287850263003283,0.9032237679556079
cifar_replicated,8,evolving_prior,stage16_block1,1.5396089553833008,1.390209436416626,0.6615991674682079,0.9029626851387855
cifar_replicated,8,evolving_prior,stage32_upsample,1.5396089553833008,1.390209436416626,0.6615991674682079,0.9029626851387855
cifar_replicated,8,evolving_prior,stage32_position,1.5398104190826416,1.390209436416626,0.6620678587679872,0.9028445444893521
cifar_replicated,8,evolving_prior,stage32_block0_attention,0.1639154702425003,0.056891120970249176,0.15372599565320264,0.34707597084084346
cifar_replicated,8,evolving_prior,stage32_block0_attention_residual,1.5443460941314697,1.3871010541915894,0.6789370544606531,0.8981801808950642
cifar_replicated,8,evolving_prior,stage32_block0_ffn,0.21725156903266907,0.17358438670635223,0.13063959942887202,0.7990017631598766
cifar_replicated,8,evolving_prior,stage32_block0,1.5639408826828003,1.4120005369186401,0.6724325752580168,0.9028477690898903
cifar_replicated,8,evolving_prior,stage32_block1_attention,0.1838255524635315,0.05173590034246445,0.17639509730793868,0.2814402005005705
cifar_replicated,8,evolving_prior,stage32_block1_attention_residual,1.5752387046813965,1.4177316427230835,0.6865959262535942,0.9000106704525331
cifar_replicated,8,evolving_prior,stage32_block1_ffn,0.20453006029129028,0.15935930609703064,0.12820747686087475,0.7791485802628338
cifar_replicated,8,evolving_prior,stage32_block1,1.6192359924316406,1.4555332660675049,0.7094703028012815,0.8989012552035112
cifar_replicated,8,evolving_prior,output_projection,4.006975173950195,3.7063980102539062,1.5226502665546946,0.924986517098889
cifar_replicated,16,fixed_latent,input_projection,0.5816152691841125,0.5726222395896912,0.10188273688605952,0.9845378378613808
cifar_replicated,16,fixed_latent,stage8_position,0.5819932222366333,0.5726222395896912,0.10401865917548432,0.9838984677331312
cifar_replicated,16,fixed_latent,stage8_block0_attention,0.058650773018598557,0.045034587383270264,0.037573915352246204,0.7678430319919141
cifar_replicated,16,fixed_latent,stage8_block0_attention_residual,0.584977924823761,0.5744290351867676,0.11059139236628272,0.98196702954189
cifar_replicated,16,fixed_latent,stage8_block0_ffn,0.40946507453918457,0.27384641766548157,0.3044171263236722,0.6687906605311104
cifar_replicated,16,fixed_latent,stage8_block0,0.7197455763816833,0.6424963474273682,0.32439503427687083,0.8926714779649445
cifar_replicated,16,fixed_latent,stage8_block1_attention,0.1660892367362976,0.06465034931898117,0.15299008756314778,0.38925068589259343
cifar_replicated,16,fixed_latent,stage8_block1_attention_residual,0.7638711333274841,0.6483315229415894,0.4039373029212014,0.8487446306779588
cifar_replicated,16,fixed_latent,stage8_block1_ffn,1.19224214553833,0.619490921497345,1.01866203020443,0.5196015958801958
cifar_replicated,16,fixed_latent,stage8_block1,1.66251540184021,1.0104652643203735,1.3201959744514722,0.6077930244747849
cifar_replicated,16,fixed_latent,stage16_upsample,1.6625155210494995,1.0104652643203735,1.3201961245710603,0.6077929808934928
cifar_replicated,16,fixed_latent,stage16_position,1.6628210544586182,1.0104652643203735,1.3205808603613898,0.6076813025736922
cifar_replicated,16,fixed_latent,stage16_block0_attention,0.20364882051944733,0.037601910531520844,0.20014729182115248,0.18464094432567593
cifar_replicated,16,fixed_latent,stage16_block0_attention_residual,1.6999599933624268,1.0124027729034424,1.3656151011358226,0.5955450580345516
cifar_replicated,16,fixed_latent,stage16_block0_ffn,1.130528211593628,0.5176097750663757,1.0050742052031894,0.45784772972338017
cifar_replicated,16,fixed_latent,stage16_block0,2.650365114212036,1.3664264678955078,2.270972026790904,0.5155615958602563
cifar_replicated,16,fixed_latent,stage16_block1_attention,0.2490888088941574,0.032691966742277145,0.2469341410717277,0.13124622855364243
cifar_replicated,16,fixed_latent,stage16_block1_attention_residual,2.682854413986206,1.3658344745635986,2.3091565548353032,0.5090974998282636
cifar_replicated,16,fixed_latent,stage16_block1_ffn,1.2379004955291748,0.5704297423362732,1.098638951562136,0.46080419581093
cifar_replicated,16,fixed_latent,stage16_block1,3.7157886028289795,1.7784548997879028,3.262542430426636,0.4786211191976566
cifar_replicated,16,fixed_latent,stage32_upsample,3.7157886028289795,1.7784550189971924,3.2625423654440775,0.47862115127948424
cifar_replicated,16,fixed_latent,stage32_position,3.716017484664917,1.7784548997879028,3.2628031071083305,0.47859163933623705
cifar_replicated,16,fixed_latent,stage32_block0_attention,0.27943742275238037,0.0381213016808033,0.2768249258875612,0.13642160489929786
cifar_replicated,16,fixed_latent,stage32_block0_attention_residual,3.686628818511963,1.7767280340194702,3.2302429534962567,0.4819384108044304
cifar_replicated,16,fixed_latent,stage32_block0_ffn,0.21341216564178467,0.09674917161464691,0.19022184479127557,0.45334421926555846
cifar_replicated,16,fixed_latent,stage32_block0,3.730503797531128,1.79220449924469,3.2717979180079655,0.4804188915263356
cifar_replicated,16,fixed_latent,stage32_block1_attention,0.22023794054985046,0.021848779171705246,0.2191515030894051,0.09920533726912423
cifar_replicated,16,fixed_latent,stage32_block1_attention_residual,3.8097739219665527,1.7973930835723877,3.359130161161153,0.47178470964088026
cifar_replicated,16,fixed_latent,stage32_block1_ffn,0.26699185371398926,0.09809623658657074,0.24831789769805918,0.36741284508123895
cifar_replicated,16,fixed_latent,stage32_block1,3.93156099319458,1.8210654258728027,3.484378360324817,0.46319144711859106
cifar_replicated,16,fixed_latent,output_projection,10.636114120483398,4.73122501373291,9.525882292647456,0.4448264620084653
cifar_replicated,16,evolving_prior,input_projection,0.5816115736961365,0.572633683681488,0.10179728370966433,0.984563770013045
cifar_replicated,16,evolving_prior,stage8_position,0.5819899439811707,0.572633683681488,0.10393728497789259,0.9839236736021931
cifar_replicated,16,evolving_prior,stage8_block0_attention,0.05866182968020439,0.045043542981147766,0.03758044035312522,0.767850972714338
cifar_replicated,16,evolving_prior,stage8_block0_attention_residual,0.5849744081497192,0.5744404792785645,0.11051332026650666,0.9819924962111185
cifar_replicated,16,evolving_prior,stage8_block0_ffn,0.40966761112213135,0.2739790678024292,0.3045702250854895,0.6687838148882844
cifar_replicated,16,evolving_prior,stage8_block0,0.7198881506919861,0.6425822973251343,0.32454112323568546,0.8926140772111025
cifar_replicated,16,evolving_prior,stage8_block1_attention,0.16612453758716583,0.06468863785266876,0.1530122286659336,0.3893984524635713
cifar_replicated,16,evolving_prior,stage8_block1_attention_residual,0.7640454769134521,0.6484265923500061,0.4041143960876221,0.8486753890219773
cifar_replicated,16,evolving_prior,stage8_block1_ffn,1.1926811933517456,0.6197591423988342,1.0190127743988322,0.5196352100238533
cifar_replicated,16,evolving_prior,stage8_block1,1.663159966468811,1.0108416080474854,1.3207196210795502,0.6077837540748919
cifar_replicated,16,evolving_prior,stage16_upsample,1.663159966468811,1.0108416080474854,1.3207196210795502,0.6077837540748919
cifar_replicated,16,evolving_prior,stage16_position,1.6634660959243774,1.0108416080474854,1.321105103967835,0.6076719029766382
cifar_replicated,16,evolving_prior,stage16_block0_attention,0.2036568522453308,0.03759113699197769,0.20015748770937067,0.1845807620884484
cifar_replicated,16,evolving_prior,stage16_block0_attention_residual,1.7006006240844727,1.0127824544906616,1.3661311000458078,0.5955439743742882
cifar_replicated,16,evolving_prior,stage16_block0_ffn,1.1307276487350464,0.51775062084198,1.0052259995800101,0.4578915368534514
cifar_replicated,16,evolving_prior,stage16_block0,2.6511929035186768,1.3669517040252686,2.2716220747585205,0.5155987337666162
cifar_replicated,16,evolving_prior,stage16_block1_attention,0.24914081394672394,0.032673150300979614,0.24698908968504196,0.1311433072060462
cifar_replicated,16,evolving_prior,stage16_block1_attention_residual,2.68367075920105,1.3663603067398071,2.3097939856092444,0.5091385752351318
cifar_replicated,16,evolving_prior,stage16_block1_ffn,1.2380867004394531,0.5703054666519165,1.0989132597762172,0.4606345148926075
cifar_replicated,16,evolving_prior,stage16_block1,3.7167654037475586,1.7788975238800049,3.26341365230158,0.4786144215845233
cifar_replicated,16,evolving_prior,stage32_upsample,3.7167654037475586,1.7788975238800049,3.26341365230158,0.4786144215845233
cifar_replicated,16,evolving_prior,stage32_position,3.716994524002075,1.7788975238800049,3.263674599434662,0.4785849191848343
cifar_replicated,16,evolving_prior,stage32_block0_attention,0.2794930636882782,0.038066424429416656,0.27688864184184125,0.13619810068657937
cifar_replicated,16,evolving_prior,stage32_block0_attention_residual,3.6875925064086914,1.7771707773208618,3.2310992744820295,0.4819325275860348
cifar_replicated,16,evolving_prior,stage32_block0_ffn,0.21341614425182343,0.09667050838470459,0.19026629611141818,0.4529671769846842
cifar_replicated,16,evolving_prior,stage32_block0,3.7314743995666504,1.7926443815231323,3.2726636423584443,0.4804118130172134
cifar_replicated,16,evolving_prior,stage32_block1_attention,0.22026832401752472,0.021837662905454636,0.21918314498226588,0.09914118610952528
cifar_replicated,16,evolving_prior,stage32_block1_attention_residual,3.810758113861084,1.7978278398513794,3.3600137589916814,0.47177694992291414
cifar_replicated,16,evolving_prior,stage32_block1_ffn,0.2670125961303711,0.09801247715950012,0.24837326911996616,0.367070612322891
cifar_replicated,16,evolving_prior,stage32_block1,3.9325478076934814,1.8214714527130127,3.48527961672322,0.46317846388276773
cifar_replicated,16,evolving_prior,output_projection,10.638818740844727,4.732404708862305,9.528316213900904,0.4448242633078783
cifar_replicated,32,fixed_latent,input_projection,0.5816399455070496,0.5726496577262878,0.10186950336292488,0.984543207786521
cifar_replicated,32,fixed_latent,stage8_position,0.5820322036743164,0.5726496577262878,0.1040858089268,0.9838796790129526
cifar_replicated,32,fixed_latent,stage8_block0_attention,0.08158686012029648,0.0725821852684021,0.03725912137922977,0.8896308199798674
cifar_replicated,32,fixed_latent,stage8_block0_attention_residual,0.5882194638252258,0.5777413845062256,0.11053067561390259,0.9821867857774365
cifar_replicated,32,fixed_latent,stage8_block0_ffn,0.4872857630252838,0.4630896747112274,0.15164223693609452,0.9503451769987359
cifar_replicated,32,fixed_latent,stage8_block0,0.7877357602119446,0.7655330300331116,0.1857062407271585,0.9718144950371946
cifar_replicated,32,fixed_latent,stage8_block1_attention,0.21274712681770325,0.19272996485233307,0.09009162345749114,0.9059110115149884
cifar_replicated,32,fixed_latent,stage8_block1_attention_residual,0.8520569801330566,0.8251332640647888,0.21249986806408036,0.9684015075329077
cifar_replicated,32,fixed_latent,stage8_block1_ffn,1.4671359062194824,1.3947776556015015,0.45506379635523775,0.9506806081759435
cifar_replicated,32,fixed_latent,stage8_block1,2.015899658203125,1.93662691116333,0.5597567676245241,0.9606762436229317
cifar_replicated,32,fixed_latent,stage16_upsample,2.015899658203125,1.93662691116333,0.5597567676245241,0.9606762436229317
cifar_replicated,32,fixed_latent,stage16_position,2.016178846359253,1.93662691116333,0.5607613997633104,0.9605432150329446
cifar_replicated,32,fixed_latent,stage16_block0_attention,0.20468537509441376,0.1840059459209442,0.08965441786816425,0.8989696788843321
cifar_replicated,32,fixed_latent,stage16_block0_attention_residual,2.063380479812622,1.9811866283416748,0.5765748417611655,0.9601654409959275
cifar_replicated,32,fixed_latent,stage16_block0_ffn,0.9680746793746948,0.9151962399482727,0.3155700036932564,0.9453777269945974
cifar_replicated,32,fixed_latent,stage16_block0,2.828990936279297,2.7194437980651855,0.7796250039058593,0.9612769568084272
cifar_replicated,32,fixed_latent,stage16_block1_attention,0.24480803310871124,0.21505369246006012,0.11697385363340708,0.8784584791977059
cifar_replicated,32,fixed_latent,stage16_block1_attention_residual,2.8373911380767822,2.7315025329589844,0.7679077958162099,0.9626809981546744
cifar_replicated,32,fixed_latent,stage16_block1_ffn,0.9594214558601379,0.9188897013664246,0.2759189132471888,0.9577539628219217
cifar_replicated,32,fixed_latent,stage16_block1,3.5130934715270996,3.3914031982421875,0.9166297434836981,0.9653609349505822
cifar_replicated,32,fixed_latent,stage32_upsample,3.5130937099456787,3.3914031982421875,0.9166306572510841,0.9653608694356824
cifar_replicated,32,fixed_latent,stage32_position,3.5132217407226562,3.3914031982421875,0.9171212277768914,0.9653256892189757
cifar_replicated,32,fixed_latent,stage32_block0_attention,0.2802746295928955,0.2264205813407898,0.16518955275299213,0.8078525754174404
cifar_replicated,32,fixed_latent,stage32_block0_attention_residual,3.4596681594848633,3.3441991806030273,0.88636088260224,0.966624261761848
cifar_replicated,32,fixed_latent,stage32_block0_ffn,0.216316357254982,0.18343126773834229,0.11465485786467833,0.8479768708481137
cifar_replicated,32,fixed_latent,stage32_block0,3.4897494316101074,3.374647378921509,0.888879161281925,0.9670171011001518
cifar_replicated,32,fixed_latent,stage32_block1_attention,0.21000602841377258,0.13486993312835693,0.1609740137664424,0.6422193407830378
cifar_replicated,32,fixed_latent,stage32_block1_attention_residual,3.545802593231201,3.4270105361938477,0.9101180225561232,0.966497836832732
cifar_replicated,32,fixed_latent,stage32_block1_ffn,0.2121804654598236,0.16526347398757935,0.13307341615929189,0.7788816639148716
cifar_replicated,32,fixed_latent,stage32_block1,3.5788347721099854,3.4631175994873047,0.9027041698058225,0.9676662433470051
cifar_replicated,32,fixed_latent,output_projection,9.30240249633789,9.090336799621582,1.9749605244963944,0.9772031260956733
cifar_replicated,32,evolving_prior,input_projection,0.5815805196762085,0.5726074576377869,0.10176738340175037,0.9845712472566699
cifar_replicated,32,evolving_prior,stage8_position,0.5819739103317261,0.5726074576377869,0.10399197932720611,0.9839057172019957
cifar_replicated,32,evolving_prior,stage8_block0_attention,0.08195456862449646,0.07298190146684647,0.03728529705810071,0.8905165714584942
cifar_replicated,32,evolving_prior,stage8_block0_attention_residual,0.5882176160812378,0.5777562260627747,0.1104432302768915,0.9822151024851008
cifar_replicated,32,evolving_prior,stage8_block0_ffn,0.4891453981399536,0.4648698568344116,0.15218159129226957,0.9503715226641133
cifar_replicated,32,evolving_prior,stage8_block0,0.7892153263092041,0.7669293880462646,0.1862260589507428,0.9717619038556176
cifar_replicated,32,evolving_prior,stage8_block1_attention,0.2135576605796814,0.19342944025993347,0.09050925937712248,0.9057480763503785
cifar_replicated,32,evolving_prior,stage8_block1_attention_residual,0.854189932346344,0.8270593881607056,0.21357249115251498,0.9682382768067583
cifar_replicated,32,evolving_prior,stage8_block1_ffn,1.4730600118637085,1.3997423648834229,0.4589412930892923,0.9502276578076921
cifar_replicated,32,evolving_prior,stage8_block1,2.023902177810669,1.9434504508972168,0.5649605032691872,0.9602492018658334
cifar_replicated,32,evolving_prior,stage16_upsample,2.023902177810669,1.9434503316879272,0.5649609133460953,0.9602491429651163
cifar_replicated,32,evolving_prior,stage16_position,2.0241808891296387,1.9434504508972168,0.5659581405237134,0.9601169842744961
cifar_replicated,32,evolving_prior,stage16_block0_attention,0.20569270849227905,0.18497708439826965,0.08996092804326283,0.8992884859854573
cifar_replicated,32,evolving_prior,stage16_block0_attention_residual,2.071791648864746,1.9883962869644165,0.5818941847894901,0.9597472255735625
cifar_replicated,32,evolving_prior,stage16_block0_ffn,0.9699073433876038,0.916861355304718,0.31636294015891736,0.9453081900611129
cifar_replicated,32,evolving_prior,stage16_block0,2.8391828536987305,2.728351593017578,0.7855296694685124,0.9609636763842923
cifar_replicated,32,evolving_prior,stage16_block1_attention,0.24579884111881256,0.21625173091888428,0.1168428824102595,0.8797914991566376
cifar_replicated,32,evolving_prior,stage16_block1_attention_residual,2.847727060317993,2.74060320854187,0.7737205331367172,0.9623826829232149
cifar_replicated,32,evolving_prior,stage16_block1_ffn,0.9606214761734009,0.9200800657272339,0.27612731327583795,0.9577966853211921
cifar_replicated,32,evolving_prior,stage16_block1,3.524095058441162,3.4013659954071045,0.9219302284976097,0.9651743040415189
cifar_replicated,32,evolving_prior,stage32_upsample,3.524095058441162,3.4013659954071045,0.9219302284976097,0.9651743040415189
cifar_replicated,32,evolving_prior,stage32_position,3.5242226123809814,3.4013659954071045,0.92241768570733,0.9651393710084408
cifar_replicated,32,evolving_prior,stage32_block0_attention,0.28118008375167847,0.22751717269420624,0.1652215955250271,0.809151095122142
cifar_replicated,32,evolving_prior,stage32_block0_attention_residual,3.4701623916625977,3.3537092208862305,0.8914378757110071,0.966441578913956
cifar_replicated,32,evolving_prior,stage32_block0_ffn,0.21632061898708344,0.1834688037633896,0.11460282825735918,0.8481336851867299
cifar_replicated,32,evolving_prior,stage32_block0,3.5002529621124268,3.3841803073883057,0.8939208275132706,0.9668387810879616
cifar_replicated,32,evolving_prior,stage32_block1_attention,0.21027745306491852,0.13560791313648224,0.1607081241326564,0.6448999222689666
cifar_replicated,32,evolving_prior,stage32_block1_attention_residual,3.556666851043701,3.436978340148926,0.914909273458441,0.966348124267064
cifar_replicated,32,evolving_prior,stage32_block1_ffn,0.2121988981962204,0.16530176997184753,0.1330552413092559,0.7789944781852398
cifar_replicated,32,evolving_prior,stage32_block1,3.5896358489990234,3.4731807708740234,0.9069183321831488,0.9675579688236416
cifar_replicated,32,evolving_prior,output_projection,9.330676078796387,9.11716365814209,1.9846518379998699,0.9771171543357404
cifar_replicated,64,fixed_latent,input_projection,0.5818182229995728,0.5727885961532593,0.10210616402137053,0.984480329956389
cifar_replicated,64,fixed_latent,stage8_position,0.582313060760498,0.5727885961532593,0.10488910738984264,0.9836437386535691
cifar_replicated,64,fixed_latent,stage8_block0_attention,0.0860646516084671,0.07750086486339569,0.03742646392477518,0.9004958878584608
cifar_replicated,64,fixed_latent,stage8_block0_attention_residual,0.589352548122406,0.5787122845649719,0.1114832618466281,0.9819458427874241
cifar_replicated,64,fixed_latent,stage8_block0_ffn,0.5925835371017456,0.49293702840805054,0.32888954752052657,0.8318439469630661
cifar_replicated,64,fixed_latent,stage8_block0,0.8648720979690552,0.7892794609069824,0.35361232788999053,0.9125967443745914
cifar_replicated,64,fixed_latent,stage8_block1_attention,0.249732106924057,0.179678812623024,0.17344062247094502,0.7194862320112645
cifar_replicated,64,fixed_latent,stage8_block1_attention_residual,0.9213686585426331,0.8079338669776917,0.44290300465804566,0.8768844690849742
cifar_replicated,64,fixed_latent,stage8_block1_ffn,0.912263035774231,0.7892460823059082,0.4575089813378436,0.8651518820293763
cifar_replicated,64,fixed_latent,stage8_block1,1.5429503917694092,1.3457399606704712,0.7547714022907942,0.8721861492430856
cifar_replicated,64,fixed_latent,stage16_upsample,1.5429503917694092,1.3457399606704712,0.7547714022907942,0.8721861492430856
cifar_replicated,64,fixed_latent,stage16_position,1.543728232383728,1.3457399606704712,0.7563602407009692,0.871746679525621
cifar_replicated,64,fixed_latent,stage16_block0_attention,0.2105463743209839,0.14653676748275757,0.15118449495704284,0.695983333625865
cifar_replicated,64,fixed_latent,stage16_block0_attention_residual,1.6072019338607788,1.3897815942764282,0.8072206491513313,0.8647212058399724
cifar_replicated,64,fixed_latent,stage16_block0_ffn,0.4763977527618408,0.3971357047557831,0.26313124262363735,0.8336221202838415
cifar_replicated,64,fixed_latent,stage16_block0,1.782065510749817,1.5211297273635864,0.9283974564456685,0.8535767726763087
cifar_replicated,64,fixed_latent,stage16_block1_attention,0.25512436032295227,0.19094347953796387,0.16920114317619359,0.7484329575437475
cifar_replicated,64,fixed_latent,stage16_block1_attention_residual,1.851635456085205,1.5638350248336792,0.9914503907585651,0.8445696045051957
cifar_replicated,64,fixed_latent,stage16_block1_ffn,0.3797147274017334,0.29623791575431824,0.23754235722352793,0.7801591415254807
cifar_replicated,64,fixed_latent,stage16_block1,1.9981310367584229,1.6893364191055298,1.0670848622021567,0.8454582747716827
cifar_replicated,64,fixed_latent,stage32_upsample,1.9981310367584229,1.6893364191055298,1.0670848622021567,0.8454582747716827
cifar_replicated,64,fixed_latent,stage32_position,1.998677134513855,1.6893362998962402,1.0681072763919337,0.8452272109007457
cifar_replicated,64,fixed_latent,stage32_block0_attention,0.2509476840496063,0.15723755955696106,0.19557885876145245,0.6265750574764379
cifar_replicated,64,fixed_latent,stage32_block0_attention_residual,1.9662543535232544,1.6654407978057861,1.0452096113953304,0.8470118806458319
cifar_replicated,64,fixed_latent,stage32_block0_ffn,0.22437305748462677,0.17694027721881866,0.1379688632363376,0.7885985920165213
cifar_replicated,64,fixed_latent,stage32_block0,1.9402596950531006,1.6430716514587402,1.0319511773432883,0.8468307905626896
cifar_replicated,64,fixed_latent,stage32_block1_attention,0.18265657126903534,0.11124683171510696,0.14487085787386936,0.6090491622732325
cifar_replicated,64,fixed_latent,stage32_block1_attention_residual,1.9908734560012817,1.6810283660888672,1.0666399346616837,0.8443672605215471
cifar_replicated,64,fixed_latent,stage32_block1_ffn,0.21795377135276794,0.16778714954853058,0.1391090180156329,0.7698290720418852
cifar_replicated,64,fixed_latent,stage32_block1,1.98639714717865,1.6632559299468994,1.0859803579328466,0.8373229554368222
cifar_replicated,64,fixed_latent,output_projection,4.752317905426025,3.993926525115967,2.575475953335209,0.840416530332671
cifar_replicated,64,evolving_prior,input_projection,0.5814672112464905,0.5724583864212036,0.1019583913702188,0.9845067363197064
cifar_replicated,64,evolving_prior,stage8_position,0.5819676518440247,0.5724583864212036,0.10477472791126599,0.9836601477888162
cifar_replicated,64,evolving_prior,stage8_block0_attention,0.08630726486444473,0.07777823507785797,0.0374097596431049,0.9011783098446862
cifar_replicated,64,evolving_prior,stage8_block0_attention_residual,0.5890494585037231,0.5784284472465515,0.11135437117362222,0.9819692368716362
cifar_replicated,64,evolving_prior,stage8_block0_ffn,0.5940715670585632,0.4945317804813385,0.3291798063086103,0.8324447893204555
cifar_replicated,64,evolving_prior,stage8_block0,0.8659818172454834,0.7903522253036499,0.35393201007730063,0.9126660740032669
cifar_replicated,64,evolving_prior,stage8_block1_attention,0.250585675239563,0.1804826855659485,0.17383664989342926,0.7202434272964918
cifar_replicated,64,evolving_prior,stage8_block1_attention_residual,0.9223909974098206,0.8090870976448059,0.4429257505806,0.8771628299894676
cifar_replicated,64,evolving_prior,stage8_block1_ffn,0.9148085117340088,0.7921415567398071,0.4575875514334137,0.865909692115033
cifar_replicated,64,evolving_prior,stage8_block1,1.5466914176940918,1.349899172782898,0.7550010363493598,0.8727656708636914
cifar_replicated,64,evolving_prior,stage16_upsample,1.5466912984848022,1.3498992919921875,0.755000578998185,0.8727658152047537
cifar_replicated,64,evolving_prior,stage16_position,1.5474774837493896,1.349899172782898,0.7566100620738468,0.872322335516134
cifar_replicated,64,evolving_prior,stage16_block0_attention,0.21079672873020172,0.14706067740917206,0.15102456092738586,0.6976421232674569
cifar_replicated,64,evolving_prior,stage16_block0_attention_residual,1.6109768152236938,1.3941460847854614,0.8072192970102018,0.865404189315956
cifar_replicated,64,evolving_prior,stage16_block0_ffn,0.47668322920799255,0.39752310514450073,0.263063265935086,0.8339355798293636
cifar_replicated,64,evolving_prior,stage16_block0,1.7859129905700684,1.5257794857025146,0.9281606385191601,0.854341445388939
cifar_replicated,64,evolving_prior,stage16_block1_attention,0.25514769554138184,0.19127137959003448,0.1688656444923082,0.7496496458029448
cifar_replicated,64,evolving_prior,stage16_block1_attention_residual,1.8553225994110107,1.5686029195785522,0.9908111972393489,0.8454610104337217
cifar_replicated,64,evolving_prior,stage16_block1_ffn,0.3799642026424408,0.29676005244255066,0.2372894151958751,0.7810210814038498
cifar_replicated,64,evolving_prior,stage16_block1,2.0020041465759277,1.694469690322876,1.0662049856778506,0.8463867036544181
cifar_replicated,64,evolving_prior,stage32_upsample,2.0020041465759277,1.694469690322876,1.0662049856778506,0.8463867036544181
cifar_replicated,64,evolving_prior,stage32_position,2.0025556087493896,1.694469690322876,1.06724010171598,0.8461536263560164
cifar_replicated,64,evolving_prior,stage32_block0_attention,0.2509078085422516,0.1574161797761917,0.19538391625756935,0.6273865316937063
cifar_replicated,64,evolving_prior,stage32_block0_attention_residual,1.9701049327850342,1.6704894304275513,1.0444034225402363,0.8479190131593995
cifar_replicated,64,evolving_prior,stage32_block0_ffn,0.22441290318965912,0.1770419180393219,0.137903264555156,0.7889114909301701
cifar_replicated,64,evolving_prior,stage32_block0,1.944042444229126,1.6480406522750854,1.0311464655484521,0.8477390281098443
cifar_replicated,64,evolving_prior,stage32_block1_attention,0.18268685042858124,0.11139683425426483,0.14479375206700965,0.6097693073854475
cifar_replicated,64,evolving_prior,stage32_block1_attention_residual,1.9946279525756836,1.686072826385498,1.0656918378784186,0.8453069276444536
cifar_replicated,64,evolving_prior,stage32_block1_ffn,0.21802547574043274,0.16786760091781616,0.1391243207851842,0.7699448899158402
cifar_replicated,64,evolving_prior,stage32_block1,1.989973783493042,1.6681865453720093,1.0849651187155345,0.8382957399789494
cifar_replicated,64,evolving_prior,output_projection,4.762054920196533,4.008028507232666,2.5715510005011173,0.8416594462684719
cifar_replicated,128,fixed_latent,input_projection,0.5817255973815918,0.5726774334907532,0.10220189733764151,0.9844459932112918
cifar_replicated,128,fixed_latent,stage8_position,0.5822383165359497,0.5726774334907532,0.10508098977960162,0.9835790899127365
cifar_replicated,128,fixed_latent,stage8_block0_attention,0.07884296029806137,0.06361690908670425,0.046573611270929884,0.8068812845966731
cifar_replicated,128,fixed_latent,stage8_block0_attention_residual,0.5880697965621948,0.5765699744224548,0.11572877871640652,0.9804448005883537
cifar_replicated,128,fixed_latent,stage8_block0_ffn,0.4674065411090851,0.36238887906074524,0.29520022866633316,0.7753183731679304
cifar_replicated,128,fixed_latent,stage8_block0,0.7551226019859314,0.6835370063781738,0.3209163519385818,0.9052000358359141
cifar_replicated,128,fixed_latent,stage8_block1_attention,0.23947283625602722,0.14473876357078552,0.19078241434814236,0.6044057682435481
cifar_replicated,128,fixed_latent,stage8_block1_attention_residual,0.8275192379951477,0.6988844871520996,0.4431123591937113,0.844553763904396
cifar_replicated,128,fixed_latent,stage8_block1_ffn,0.4552088677883148,0.34577080607414246,0.2960703682909812,0.7595871489808845
cifar_replicated,128,fixed_latent,stage8_block1,1.003664493560791,0.8364271521568298,0.554736004572855,0.8333732612074
cifar_replicated,128,fixed_latent,stage16_upsample,1.003664493560791,0.8364271521568298,0.554736004572855,0.8333732612074
cifar_replicated,128,fixed_latent,stage16_position,1.0048208236694336,0.8364271521568298,0.5568253826959888,0.8324142299343888
cifar_replicated,128,fixed_latent,stage16_block0_attention,0.2179003357887268,0.0812418982386589,0.20218879866950912,0.3728397110752043
cifar_replicated,128,fixed_latent,stage16_block0_attention_residual,1.0527374744415283,0.8365811705589294,0.6390525292648319,0.7946721674392102
cifar_replicated,128,fixed_latent,stage16_block0_ffn,0.5232942700386047,0.34521597623825073,0.3932719451030135,0.6596976042041952
cifar_replicated,128,fixed_latent,stage16_block0,0.9789556264877319,0.7757328748703003,0.5971537703786578,0.7924086177975724
cifar_replicated,128,fixed_latent,stage16_block1_attention,0.2300834357738495,0.09216056019067764,0.21081939797570717,0.4005527815625235
cifar_replicated,128,fixed_latent,stage16_block1_attention_residual,1.0067088603973389,0.7801609635353088,0.6362480652844197,0.7749618526525994
cifar_replicated,128,fixed_latent,stage16_block1_ffn,0.41064438223838806,0.2919345200061798,0.2887958529700674,0.7109180902825682
cifar_replicated,128,fixed_latent,stage16_block1,0.8670001029968262,0.6754271388053894,0.5435874895190952,0.7790392832373885
cifar_replicated,128,fixed_latent,stage32_upsample,0.8670001029968262,0.6754271388053894,0.5435874895190952,0.7790392832373885
cifar_replicated,128,fixed_latent,stage32_position,0.8679360151290894,0.6754271388053894,0.5450789910859967,0.7781992301643712
cifar_replicated,128,fixed_latent,stage32_block0_attention,0.2651212811470032,0.08187523484230042,0.25216212966372736,0.30882181350392096
cifar_replicated,128,fixed_latent,stage32_block0_attention_residual,0.862798273563385,0.6631109118461609,0.5520007060271851,0.7685584593342905
cifar_replicated,128,fixed_latent,stage32_block0_ffn,0.2697376310825348,0.2106495052576065,0.1684790062789523,0.7809422230491511
cifar_replicated,128,fixed_latent,stage32_block0,0.8178550004959106,0.6160648465156555,0.5379134751275597,0.75326903441576
cifar_replicated,128,fixed_latent,stage32_block1_attention,0.2010010927915573,0.05950507894158363,0.1919911062616082,0.29604355934169846
cifar_replicated,128,fixed_latent,stage32_block1_attention_residual,0.8154616951942444,0.6202202439308167,0.5294380278630059,0.7605755703621114
cifar_replicated,128,fixed_latent,stage32_block1_ffn,0.2309889942407608,0.16040360927581787,0.16621250732616058,0.6944210039229337
cifar_replicated,128,fixed_latent,stage32_block1,0.8170695304870605,0.6112930774688721,0.5421470198101075,0.7481530697937986
cifar_replicated,128,fixed_latent,output_projection,0.623440146446228,0.540601372718811,0.3105282145239485,0.8671263405162153
cifar_replicated,128,evolving_prior,input_projection,0.5812075138092041,0.5721113085746765,0.10242472704014129,0.9843494706823187
cifar_replicated,128,evolving_prior,stage8_position,0.581723690032959,0.5721113085746765,0.1053143017188711,0.9834760357486252
cifar_replicated,128,evolving_prior,stage8_block0_attention,0.07915700227022171,0.06393550336360931,0.046669930555442087,0.8077049601417433
cifar_replicated,128,evolving_prior,stage8_block0_attention_residual,0.587607204914093,0.5760491490364075,0.11597243276478991,0.9803303026562186
cifar_replicated,128,evolving_prior,stage8_block0_ffn,0.46827661991119385,0.36318108439445496,0.2956052988251741,0.7755695436243012
cifar_replicated,128,evolving_prior,stage8_block0,0.7554927468299866,0.683682918548584,0.32147621591279263,0.9049496787590439
cifar_replicated,128,evolving_prior,stage8_block1_attention,0.24032309651374817,0.14590859413146973,0.19096039609441104,0.6071351287000529
cifar_replicated,128,evolving_prior,stage8_block1_attention_residual,0.8280419111251831,0.699276864528656,0.44346958555781174,0.8444945299670219
cifar_replicated,128,evolving_prior,stage8_block1_ffn,0.4560352861881256,0.34636953473091125,0.2966417496897186,0.7595235395622992
cifar_replicated,128,evolving_prior,stage8_block1,1.0052984952926636,0.8375148177146912,0.5560521511027731,0.833100637906429
cifar_replicated,128,evolving_prior,stage16_upsample,1.0052984952926636,0.8375148177146912,0.5560521511027731,0.833100637906429
cifar_replicated,128,evolving_prior,stage16_position,1.006463885307312,0.8375148177146912,0.5581563244613624,0.832135986140194
cifar_replicated,128,evolving_prior,stage16_block0_attention,0.2177353799343109,0.08151929080486298,0.2018992345250742,0.37439616303724604
cifar_replicated,128,evolving_prior,stage16_block0_attention_residual,1.0541037321090698,0.8376756906509399,0.6398703894842614,0.7946805092653484
cifar_replicated,128,evolving_prior,stage16_block0_ffn,0.5232394933700562,0.3453037440776825,0.3931219807490894,0.6599344056651123
cifar_replicated,128,evolving_prior,stage16_block0,0.9804623126983643,0.7769518494606018,0.5980402747654838,0.792434180690052
cifar_replicated,128,evolving_prior,stage16_block1_attention,0.2297971397638321,0.09235773980617523,0.21042046797194663,0.40190987538440837
cifar_replicated,128,evolving_prior,stage16_block1_attention_residual,1.0080177783966064,0.7813733816146851,0.6368323798831697,0.7751583338714213
cifar_replicated,128,evolving_prior,stage16_block1_ffn,0.4107012450695038,0.2921910583972931,0.28861721725203826,0.7114442965660964
cifar_replicated,128,evolving_prior,stage16_block1,0.8681836128234863,0.6764529347419739,0.5442005261429026,0.779158837773993
cifar_replicated,128,evolving_prior,stage32_upsample,0.8681836128234863,0.6764529347419739,0.5442005261429026,0.779158837773993
cifar_replicated,128,evolving_prior,stage32_position,0.8691256046295166,0.6764529347419739,0.5457020649599867,0.7783143554150915
cifar_replicated,128,evolving_prior,stage32_block0_attention,0.2649439871311188,0.08197981864213943,0.2519417108228337,0.3094232087689095
cifar_replicated,128,evolving_prior,stage32_block0_attention_residual,0.8638666272163391,0.6641000509262085,0.5524822820488823,0.7687529880233435
cifar_replicated,128,evolving_prior,stage32_block0_ffn,0.2698853313922882,0.21074578166007996,0.16859509961207986,0.7808715670943718
cifar_replicated,128,evolving_prior,stage32_block0,0.8187299966812134,0.6169322729110718,0.5382502931781816,0.7535234758856466
cifar_replicated,128,evolving_prior,stage32_block1_attention,0.20083877444267273,0.059712596237659454,0.19175666655997395,0.2973160755604181
cifar_replicated,128,evolving_prior,stage32_block1_attention_residual,0.8163225650787354,0.6211200952529907,0.5297096917459996,0.7608758128511159
cifar_replicated,128,evolving_prior,stage32_block1_ffn,0.2310287058353424,0.16056115925312042,0.1661155533333567,0.6949835894746117
cifar_replicated,128,evolving_prior,stage32_block1,0.817685604095459,0.6119992136955261,0.5422791804790347,0.7484529636210637
cifar_replicated,128,evolving_prior,output_projection,0.6260177493095398,0.5427708625793457,0.31192629447588227,0.8670215232363452
cifar_replicated,256,fixed_latent,input_projection,0.5810149908065796,0.5719687938690186,0.10212795103197718,0.9844303553596735
cifar_replicated,256,fixed_latent,stage8_position,0.5815349221229553,0.5719687938690186,0.1050455353100353,0.9835502084397364
cifar_replicated,256,fixed_latent,stage8_block0_attention,0.08282291889190674,0.06335069984197617,0.053350958035514255,0.7648933494442037
cifar_replicated,256,fixed_latent,stage8_block0_attention_residual,0.5879430174827576,0.5757384300231934,0.11917320169047509,0.9792418872294506
cifar_replicated,256,fixed_latent,stage8_block0_ffn,0.4570676386356354,0.40369027853012085,0.21434781386389087,0.8832178093709543
cifar_replicated,256,fixed_latent,stage8_block0,0.7222301363945007,0.680889904499054,0.24084291118421633,0.9427603061514098
cifar_replicated,256,fixed_latent,stage8_block1_attention,0.1771085411310196,0.14287440478801727,0.10466298198516917,0.8067053337779067
cifar_replicated,256,fixed_latent,stage8_block1_attention_residual,0.7450987696647644,0.6903957724571228,0.28022464903944183,0.9265828915108079
cifar_replicated,256,fixed_latent,stage8_block1_ffn,0.6704245209693909,0.6224945783615112,0.2489368157335543,0.9285080704706683
cifar_replicated,256,fixed_latent,stage8_block1,1.0956780910491943,1.0103788375854492,0.4238455895307665,0.9221493482797811
cifar_replicated,256,fixed_latent,stage16_upsample,1.0956782102584839,1.0103788375854492,0.42384589769715936,0.9221492479503526
cifar_replicated,256,fixed_latent,stage16_position,1.0966651439666748,1.0103788375854492,0.42639071583575083,0.9213193682174259
cifar_replicated,256,fixed_latent,stage16_block0_attention,0.16147026419639587,0.09749170392751694,0.12871679721374077,0.6037749700399203
cifar_replicated,256,fixed_latent,stage16_block0_attention_residual,1.1083617210388184,1.0104440450668335,0.4554871419185248,0.9116554874520468
cifar_replicated,256,fixed_latent,stage16_block0_ffn,0.5078038573265076,0.4049606919288635,0.3063847181374687,0.7974746274297835
cifar_replicated,256,fixed_latent,stage16_block0,1.0888302326202393,0.9551364779472351,0.5227481075646235,0.8772134069502516
cifar_replicated,256,fixed_latent,stage16_block1_attention,0.21657124161720276,0.10084496438503265,0.19165958325582969,0.4656433773569976
cifar_replicated,256,fixed_latent,stage16_block1_attention_residual,1.1267558336257935,0.959688663482666,0.5904035719680318,0.8517272640998705
cifar_replicated,256,fixed_latent,stage16_block1_ffn,0.38581588864326477,0.2769729495048523,0.26858869144506925,0.7178889145256238
cifar_replicated,256,fixed_latent,stage16_block1,1.0656111240386963,0.8810810446739197,0.599352367469528,0.8268316882190546
cifar_replicated,256,fixed_latent,stage32_upsample,1.0656111240386963,0.8810810446739197,0.599352367469528,0.8268316882190546
cifar_replicated,256,fixed_latent,stage32_position,1.0665119886398315,0.8810810446739197,0.6009525893353007,0.8261332775054878
cifar_replicated,256,fixed_latent,stage32_block0_attention,0.2673933804035187,0.11270543932914734,0.2424803163748446,0.42149674445592306
cifar_replicated,256,fixed_latent,stage32_block0_attention_residual,1.0622693300247192,0.8706567287445068,0.6085827718585863,0.8196195674069273
cifar_replicated,256,fixed_latent,stage32_block0_ffn,0.2847219407558441,0.24241489171981812,0.14933721512149362,0.8514092418599194
cifar_replicated,256,fixed_latent,stage32_block0,0.9949739575386047,0.775800347328186,0.6229823410543024,0.7797192493835551
cifar_replicated,256,fixed_latent,stage32_block1_attention,0.3245351016521454,0.07814887911081314,0.3149853725144897,0.24080254712963967
cifar_replicated,256,fixed_latent,stage32_block1_attention_residual,1.1120456457138062,0.7861441969871521,0.7865257908641407,0.7069351874333696
cifar_replicated,256,fixed_latent,stage32_block1_ffn,0.22033469378948212,0.16630083322525024,0.14453861129778559,0.7547646281440439
cifar_replicated,256,fixed_latent,stage32_block1,1.0870767831802368,0.7291418313980103,0.8062804240678594,0.6707362742720988
cifar_replicated,256,fixed_latent,output_projection,1.004342794418335,0.9519246220588684,0.32022486258582483,0.9478084846620276
cifar_replicated,256,evolving_prior,input_projection,0.5798178315162659,0.5707529783248901,0.1021261743016567,0.9843660324007792
cifar_replicated,256,evolving_prior,stage8_position,0.5803383588790894,0.5707529783248901,0.10504117535396394,0.9834831173787768
cifar_replicated,256,evolving_prior,stage8_block0_attention,0.08338558673858643,0.06388956308364868,0.05358432424430484,0.7661943218549541
cifar_replicated,256,evolving_prior,stage8_block0_attention_residual,0.5868552923202515,0.5746070146560669,0.11927243114957589,0.9791289644577311
cifar_replicated,256,evolving_prior,stage8_block0_ffn,0.4584640860557556,0.4057433307170868,0.21345179264073663,0.8850057028627162
cifar_replicated,256,evolving_prior,stage8_block0,0.7225655913352966,0.6815968751907349,0.23984731291376332,0.9433010419595931
cifar_replicated,256,evolving_prior,stage8_block1_attention,0.17763766646385193,0.14435289800167084,0.10352478633275183,0.8126255026607528
cifar_replicated,256,evolving_prior,stage8_block1_attention_residual,0.7453422546386719,0.6912972331047058,0.27864531586164665,0.927489658344721
cifar_replicated,256,evolving_prior,stage8_block1_ffn,0.6735818386077881,0.625450611114502,0.2500480481002488,0.9285443509095086
cifar_replicated,256,evolving_prior,stage8_block1,1.0993120670318604,1.0145012140274048,0.4234079681096983,0.9228509760349992
cifar_replicated,256,evolving_prior,stage16_upsample,1.09931218624115,1.0145012140274048,0.4234082776177368,0.9228508759611433
cifar_replicated,256,evolving_prior,stage16_position,1.1002988815307617,1.0145012140274048,0.42596351420604917,0.9220233075362276
cifar_replicated,256,evolving_prior,stage16_block0_attention,0.16164405643939972,0.09831469506025314,0.12830830728130302,0.6082171978721115
cifar_replicated,256,evolving_prior,stage16_block0_attention_residual,1.1120636463165283,1.0146605968475342,0.4551367120589354,0.9124123427722678
cifar_replicated,256,evolving_prior,stage16_block0_ffn,0.5068802237510681,0.40477943420410156,0.30509206950581375,0.7985701852966572
cifar_replicated,256,evolving_prior,stage16_block0,1.0927224159240723,0.9600381851196289,0.5218897981136921,0.878574623462595
cifar_replicated,256,evolving_prior,stage16_block1_attention,0.21618109941482544,0.10184803605079651,0.1906862483159137,0.4711236843853885
cifar_replicated,256,evolving_prior,stage16_block1_attention_residual,1.1300960779190063,0.9647128582000732,0.5885968455159832,0.8536556112791093
cifar_replicated,256,evolving_prior,stage16_block1_ffn,0.3854161500930786,0.27780428528785706,0.267152368187657,0.7207904630378537
cifar_replicated,256,evolving_prior,stage16_block1,1.068566918373108,0.8859474062919617,0.5974382414324899,0.8290986657539574
cifar_replicated,256,evolving_prior,stage32_upsample,1.068566918373108,0.8859473466873169,0.5974383298208304,0.8290986099739742
cifar_replicated,256,evolving_prior,stage32_position,1.0694682598114014,0.8859474062919617,0.5990488728213859,0.8283999063686067
cifar_replicated,256,evolving_prior,stage32_block0_attention,0.26746681332588196,0.11379896104335785,0.24205018631712413,0.4254694615316818
cifar_replicated,256,evolving_prior,stage32_block0_attention_residual,1.0650653839111328,0.8754867315292358,0.6065371010268246,0.8220028035408246
cifar_replicated,256,evolving_prior,stage32_block0_ffn,0.2854272723197937,0.24337108433246613,0.14912827731438907,0.8526553274131153
cifar_replicated,256,evolving_prior,stage32_block0,0.9971305727958679,0.7802072167396545,0.6209235686874652,0.7824524069621303
cifar_replicated,256,evolving_prior,stage32_block1_attention,0.3237503468990326,0.07909492403268814,0.31393993073437987,0.24430838388369458
cifar_replicated,256,evolving_prior,stage32_block1_attention_residual,1.1136195659637451,0.7907196879386902,0.784162555088816,0.7100447155437576
cifar_replicated,256,evolving_prior,stage32_block1_ffn,0.2206774652004242,0.1672506183385849,0.14396448976273782,0.757896227359165
cifar_replicated,256,evolving_prior,stage32_block1,1.0879034996032715,0.733286440372467,0.8036323915914052,0.6740362914908137
cifar_replicated,256,evolving_prior,output_projection,1.01225745677948,0.9587217569351196,0.32483496053365035,0.9471125655970118
cifar_replicated,512,fixed_latent,input_projection,0.579787015914917,0.5707286596298218,0.10208712406896009,0.984376407134953
cifar_replicated,512,fixed_latent,stage8_position,0.5803490877151489,0.5707286596298218,0.10523241272988405,0.9834230322938853
cifar_replicated,512,fixed_latent,stage8_block0_attention,0.0883362889289856,0.0715198889374733,0.051847906689824114,0.8096320301045116
cifar_replicated,512,fixed_latent,stage8_block0_attention_residual,0.5877457857131958,0.5756736993789673,0.11851118287721323,0.9794603608776544
cifar_replicated,512,fixed_latent,stage8_block0_ffn,0.6311544179916382,0.5889632105827332,0.22688815731642462,0.9331523218309089
cifar_replicated,512,fixed_latent,stage8_block0,0.8063263893127441,0.7671748399734497,0.24820356768958593,0.9514445392607521
cifar_replicated,512,fixed_latent,stage8_block1_attention,0.21155959367752075,0.19283150136470795,0.0870257074572239,0.9114760432875478
cifar_replicated,512,fixed_latent,stage8_block1_attention_residual,0.8181670904159546,0.7706258296966553,0.2748330737812509,0.9418929687148264
cifar_replicated,512,fixed_latent,stage8_block1_ffn,0.3956090211868286,0.37005525827407837,0.1398771013000547,0.9354065212262126
cifar_replicated,512,fixed_latent,stage8_block1,0.8748071789741516,0.8223558068275452,0.2983597281164644,0.9400423620115762
cifar_replicated,512,fixed_latent,stage16_upsample,0.8748071789741516,0.8223558068275452,0.2983597281164644,0.9400423620115762
cifar_replicated,512,fixed_latent,stage16_position,0.876092255115509,0.8223558068275452,0.3021068791841645,0.9386634820999771
cifar_replicated,512,fixed_latent,stage16_block0_attention,0.16699400544166565,0.12503723800182343,0.110691855916894,0.7487528529609492
cifar_replicated,512,fixed_latent,stage16_block0_attention_residual,0.9037889242172241,0.8452786803245544,0.31990369195510543,0.9352611629498052
cifar_replicated,512,fixed_latent,stage16_block0_ffn,0.560279369354248,0.492841511964798,0.26649618347782356,0.8796353014618835
cifar_replicated,512,fixed_latent,stage16_block0,0.8257981538772583,0.7404428720474243,0.3656322526545622,0.8966390498343004
cifar_replicated,512,fixed_latent,stage16_block1_attention,0.24714097380638123,0.17869330942630768,0.17072598542764447,0.7230420220254622
cifar_replicated,512,fixed_latent,stage16_block1_attention_residual,0.8838706016540527,0.7746983766555786,0.4255228145182211,0.876483927857571
cifar_replicated,512,fixed_latent,stage16_block1_ffn,0.4560201168060303,0.37560224533081055,0.2586064582222167,0.8236527983930461
cifar_replicated,512,fixed_latent,stage16_block1,0.8374350666999817,0.7281941175460815,0.41355872389551446,0.8695529319253636
cifar_replicated,512,fixed_latent,stage32_upsample,0.8374350666999817,0.7281941175460815,0.41355872389551446,0.8695529319253636
cifar_replicated,512,fixed_latent,stage32_position,0.8386979103088379,0.7281941175460815,0.41610997576084985,0.8682436293157509
cifar_replicated,512,fixed_latent,stage32_block0_attention,0.29695984721183777,0.17045478522777557,0.24316726146632267,0.5739994373925604
cifar_replicated,512,fixed_latent,stage32_block0_attention_residual,0.860519289970398,0.7233920097351074,0.4660444706919717,0.8406458962238862
cifar_replicated,512,fixed_latent,stage32_block0_ffn,0.2583189606666565,0.20656201243400574,0.15511550682995973,0.7996393756808287
cifar_replicated,512,fixed_latent,stage32_block0,0.888334333896637,0.7289665937423706,0.5076865115277609,0.8205993688713942
cifar_replicated,512,fixed_latent,stage32_block1_attention,0.3249073326587677,0.16219399869441986,0.28152776346738817,0.49920079478404167
cifar_replicated,512,fixed_latent,stage32_block1_attention_residual,1.0126968622207642,0.7679668664932251,0.6601377331438936,0.7583383489597613
cifar_replicated,512,fixed_latent,stage32_block1_ffn,0.1851421296596527,0.12580853700637817,0.13583011518520638,0.6795240890749845
cifar_replicated,512,fixed_latent,stage32_block1,1.032351016998291,0.7880232930183411,0.6669092231765397,0.7633288290930658
cifar_replicated,512,fixed_latent,output_projection,0.6359017491340637,0.6183180809020996,0.14850516954404758,0.97234845122551
cifar_replicated,512,evolving_prior,input_projection,0.5771043300628662,0.5681132674217224,0.10147277051861815,0.9844203861021726
cifar_replicated,512,evolving_prior,stage8_position,0.5776697993278503,0.5681132078170776,0.10464119723736365,0.9834566537459768
cifar_replicated,512,evolving_prior,stage8_block0_attention,0.08937709033489227,0.07259893417358398,0.05213117141970928,0.8122767691536922
cifar_replicated,512,evolving_prior,stage8_block0_attention_residual,0.5853001475334167,0.5732588171958923,0.11811262087434139,0.9794270847388827
cifar_replicated,512,evolving_prior,stage8_block0_ffn,0.637471079826355,0.5956505537033081,0.22708984012483147,0.9343961985939211
cifar_replicated,512,evolving_prior,stage8_block0,0.8108700513839722,0.7719646096229553,0.24815495506059085,0.9520201273994346
cifar_replicated,512,evolving_prior,stage8_block1_attention,0.21493449807167053,0.19659684598445892,0.08687070052833626,0.9146826021335259
cifar_replicated,512,evolving_prior,stage8_block1_attention_residual,0.8229453563690186,0.7758307456970215,0.27445530346585495,0.9427487981949675
cifar_replicated,512,evolving_prior,stage8_block1_ffn,0.3965266942977905,0.37151116132736206,0.13861052016325523,0.9369133696919737
cifar_replicated,512,evolving_prior,stage8_block1,0.8812202215194702,0.8294041156768799,0.29772116436873786,0.9411995950873155
cifar_replicated,512,evolving_prior,stage16_upsample,0.8812201619148254,0.8294041156768799,0.29772098794583496,0.9411996587488952
cifar_replicated,512,evolving_prior,stage16_position,0.8825047016143799,0.8294041156768799,0.30150184289609,0.9398296849406442
cifar_replicated,512,evolving_prior,stage16_block0_attention,0.16825754940509796,0.12755420804023743,0.10972933492479033,0.7580890634103857
cifar_replicated,512,evolving_prior,stage16_block0_attention_residual,0.9107808470726013,0.8531571626663208,0.3188175139251892,0.9367315588689722
cifar_replicated,512,evolving_prior,stage16_block0_ffn,0.5603699684143066,0.4935853183269501,0.2653074349367812,0.8808204331928443
cifar_replicated,512,evolving_prior,stage16_block0,0.8336403369903564,0.749530553817749,0.3649111677532677,0.8991054301951558
cifar_replicated,512,evolving_prior,stage16_block1_attention,0.2478036731481552,0.18125134706497192,0.16898109247146803,0.731431236520076
cifar_replicated,512,evolving_prior,stage16_block1_attention_residual,0.8918893337249756,0.7845776677131653,0.4241514669763042,0.8796805142139965
cifar_replicated,512,evolving_prior,stage16_block1_ffn,0.4561921954154968,0.37772348523139954,0.2558051755978669,0.8279919933469522
cifar_replicated,512,evolving_prior,stage16_block1,0.8453952670097351,0.738015353679657,0.4123426914782802,0.8729825946271337
cifar_replicated,512,evolving_prior,stage32_upsample,0.8453952670097351,0.738015353679657,0.4123426914782802,0.8729825946271337
cifar_replicated,512,evolving_prior,stage32_position,0.8466427326202393,0.7380154132843018,0.4148941629542012,0.8716963895742053
cifar_replicated,512,evolving_prior,stage32_block0_attention,0.2963167726993561,0.17224059998989105,0.24111575124426068,0.5812718545117488
cifar_replicated,512,evolving_prior,stage32_block0_attention_residual,0.8667299747467041,0.7328045964241028,0.4628371987903848,0.8454820045173352
cifar_replicated,512,evolving_prior,stage32_block0_ffn,0.25994378328323364,0.20900647342205048,0.1545544063923072,0.8040449007173136
cifar_replicated,512,evolving_prior,stage32_block0,0.893687903881073,0.737726628780365,0.5044179722528763,0.8254857490815245
cifar_replicated,512,evolving_prior,stage32_block1_attention,0.32408514618873596,0.163915753364563,0.2795761216182493,0.505779901646909
cifar_replicated,512,evolving_prior,stage32_block1_attention_residual,1.0169368982315063,0.7773487567901611,0.6556596413548024,0.7644021552782689
cifar_replicated,512,evolving_prior,stage32_block1_ffn,0.1847839504480362,0.12685267627239227,0.13436333899436237,0.6864918515099341
cifar_replicated,512,evolving_prior,stage32_block1,1.0366696119308472,0.7972005605697632,0.6626878228307116,0.7690015713732928
cifar_replicated,512,evolving_prior,output_projection,0.643076479434967,0.6258441805839539,0.14787298614578304,0.9732033445444092
cifar_replicated_compensated,0,fixed_latent,input_projection,0.581482470035553,0.5724968910217285,0.10182913497178925,0.9845471196865573
cifar_replicated_compensated,0,fixed_latent,stage8_position,0.5818389058113098,0.5724968910217285,0.10384518325929883,0.9839439839854729
cifar_replicated_compensated,0,fixed_latent,stage8_block0_attention,0.057348139584064484,0.04325546324253082,0.037653340003609356,0.7542609674220427
cifar_replicated_compensated,0,fixed_latent,stage8_block0_attention_residual,0.5846015810966492,0.574080765247345,0.11040961730630566,0.9820034427044
cifar_replicated_compensated,0,fixed_latent,stage8_block0_ffn,0.19669866561889648,0.18276415765285492,0.0727160761709324,0.9291580961050357
cifar_replicated_compensated,0,fixed_latent,stage8_block0,0.6163161993026733,0.6018022298812866,0.13296515946970325,0.9764504495617534
cifar_replicated_compensated,0,fixed_latent,stage8_block1_attention,0.07650873810052872,0.049685999751091,0.05817979403942471,0.6494160142310287
cifar_replicated_compensated,0,fixed_latent,stage8_block1_attention_residual,0.6207671761512756,0.6038544178009033,0.14391570132949694,0.9727550698552869
cifar_replicated_compensated,0,fixed_latent,stage8_block1_ffn,0.20105481147766113,0.18194428086280823,0.08555300041280502,0.9049486531836805
cifar_replicated_compensated,0,fixed_latent,stage8_block1,0.6512296199798584,0.6293317675590515,0.1674560965749254,0.9663746062080466
cifar_replicated_compensated,0,fixed_latent,stage16_upsample,0.6512296199798584,0.6293317675590515,0.1674560965749254,0.9663746062080466
cifar_replicated_compensated,0,fixed_latent,stage16_position,0.6515887975692749,0.6293317675590515,0.16884752725098898,0.9658419081278679
cifar_replicated_compensated,0,fixed_latent,stage16_block0_attention,0.08008936792612076,0.029927631840109825,0.07428757437989468,0.373677962694335
cifar_replicated_compensated,0,fixed_latent,stage16_block0_attention_residual,0.656412661075592,0.6297913193702698,0.18504182139774492,0.9594441983161922
cifar_replicated_compensated,0,fixed_latent,stage16_block0_ffn,0.2002747654914856,0.17958585917949677,0.08865044204870896,0.89669738840429
cifar_replicated_compensated,0,fixed_latent,stage16_block0,0.6876303553581238,0.6552638411521912,0.20848214333226617,0.9529303586531228
cifar_replicated_compensated,0,fixed_latent,stage16_block1_attention,0.10632757097482681,0.03258251026272774,0.10121231335359386,0.3064351979830489
cifar_replicated_compensated,0,fixed_latent,stage16_block1_attention_residual,0.6913720965385437,0.6557731032371521,0.21899089694052776,0.9485096470053923
cifar_replicated_compensated,0,fixed_latent,stage16_block1_ffn,0.19780579209327698,0.1740054190158844,0.09407042860939463,0.8796780780505693
cifar_replicated_compensated,0,fixed_latent,stage16_block1,0.7220658659934998,0.6827303767204285,0.23507094149665667,0.9455236826366954
cifar_replicated_compensated,0,fixed_latent,stage32_upsample,0.7220658659934998,0.6827303767204285,0.23507094149665667,0.9455236826366954
cifar_replicated_compensated,0,fixed_latent,stage32_position,0.7224416732788086,0.6827303767204285,0.23622278466114704,0.9450318302124654
cifar_replicated_compensated,0,fixed_latent,stage32_block0_attention,0.1563129723072052,0.03243429213762283,0.15291096103629864,0.20749584413172714
cifar_replicated_compensated,0,fixed_latent,stage32_block0_attention_residual,0.7325493693351746,0.6813141703605652,0.26914601943788197,0.9300590497796648
cifar_replicated_compensated,0,fixed_latent,stage32_block0_ffn,0.21923157572746277,0.17192132771015167,0.1360350722215594,0.784199662569936
cifar_replicated_compensated,0,fixed_latent,stage32_block0,0.7551042437553406,0.701931893825531,0.27834158037890827,0.9295827690421009
cifar_replicated_compensated,0,fixed_latent,stage32_block1_attention,0.15481938421726227,0.029146971181035042,0.15205096448357105,0.18826435286767645
cifar_replicated_compensated,0,fixed_latent,stage32_block1_attention_residual,0.7722397446632385,0.7026278972625732,0.32041888400329754,0.909857207063304
cifar_replicated_compensated,0,fixed_latent,stage32_block1_ffn,0.19302912056446075,0.1672956496477127,0.09629333826822543,0.8666860687056048
cifar_replicated_compensated,0,fixed_latent,stage32_block1,0.8064595460891724,0.7347756028175354,0.3323880457875725,0.9111127847400907
cifar_replicated_compensated,0,fixed_latent,output_projection,1.0635768175125122,0.9125815629959106,0.5462513502317267,0.8580307016565588
cifar_replicated_compensated,0,evolving_prior,input_projection,0.581482470035553,0.5724968910217285,0.10182913497178925,0.9845471196865573
cifar_replicated_compensated,0,evolving_prior,stage8_position,0.5818389058113098,0.5724968910217285,0.10384518325929883,0.9839439839854729
cifar_replicated_compensated,0,evolving_prior,stage8_block0_attention,0.057348139584064484,0.04325546324253082,0.037653340003609356,0.7542609674220427
cifar_replicated_compensated,0,evolving_prior,stage8_block0_attention_residual,0.5846015810966492,0.574080765247345,0.11040961730630566,0.9820034427044
cifar_replicated_compensated,0,evolving_prior,stage8_block0_ffn,0.19669866561889648,0.18276415765285492,0.0727160761709324,0.9291580961050357
cifar_replicated_compensated,0,evolving_prior,stage8_block0,0.6163161993026733,0.6018022298812866,0.13296515946970325,0.9764504495617534
cifar_replicated_compensated,0,evolving_prior,stage8_block1_attention,0.07650873810052872,0.049685999751091,0.05817979403942471,0.6494160142310287
cifar_replicated_compensated,0,evolving_prior,stage8_block1_attention_residual,0.6207671761512756,0.6038544178009033,0.14391570132949694,0.9727550698552869
cifar_replicated_compensated,0,evolving_prior,stage8_block1_ffn,0.20105481147766113,0.18194428086280823,0.08555300041280502,0.9049486531836805
cifar_replicated_compensated,0,evolving_prior,stage8_block1,0.6512296199798584,0.6293317675590515,0.1674560965749254,0.9663746062080466
cifar_replicated_compensated,0,evolving_prior,stage16_upsample,0.6512296199798584,0.6293317675590515,0.1674560965749254,0.9663746062080466
cifar_replicated_compensated,0,evolving_prior,stage16_position,0.6515887975692749,0.6293317675590515,0.16884752725098898,0.9658419081278679
cifar_replicated_compensated,0,evolving_prior,stage16_block0_attention,0.08008936792612076,0.029927631840109825,0.07428757437989468,0.373677962694335
cifar_replicated_compensated,0,evolving_prior,stage16_block0_attention_residual,0.656412661075592,0.6297913193702698,0.18504182139774492,0.9594441983161922
cifar_replicated_compensated,0,evolving_prior,stage16_block0_ffn,0.2002747654914856,0.17958585917949677,0.08865044204870896,0.89669738840429
cifar_replicated_compensated,0,evolving_prior,stage16_block0,0.6876303553581238,0.6552638411521912,0.20848214333226617,0.9529303586531228
cifar_replicated_compensated,0,evolving_prior,stage16_block1_attention,0.10632757097482681,0.03258251026272774,0.10121231335359386,0.3064351979830489
cifar_replicated_compensated,0,evolving_prior,stage16_block1_attention_residual,0.6913720965385437,0.6557731032371521,0.21899089694052776,0.9485096470053923
cifar_replicated_compensated,0,evolving_prior,stage16_block1_ffn,0.19780579209327698,0.1740054190158844,0.09407042860939463,0.8796780780505693
cifar_replicated_compensated,0,evolving_prior,stage16_block1,0.7220658659934998,0.6827303767204285,0.23507094149665667,0.9455236826366954
cifar_replicated_compensated,0,evolving_prior,stage32_upsample,0.7220658659934998,0.6827303767204285,0.23507094149665667,0.9455236826366954
cifar_replicated_compensated,0,evolving_prior,stage32_position,0.7224416732788086,0.6827303767204285,0.23622278466114704,0.9450318302124654
cifar_replicated_compensated,0,evolving_prior,stage32_block0_attention,0.1563129723072052,0.03243429213762283,0.15291096103629864,0.20749584413172714
cifar_replicated_compensated,0,evolving_prior,stage32_block0_attention_residual,0.7325493693351746,0.6813141703605652,0.26914601943788197,0.9300590497796648
cifar_replicated_compensated,0,evolving_prior,stage32_block0_ffn,0.21923157572746277,0.17192132771015167,0.1360350722215594,0.784199662569936
cifar_replicated_compensated,0,evolving_prior,stage32_block0,0.7551042437553406,0.701931893825531,0.27834158037890827,0.9295827690421009
cifar_replicated_compensated,0,evolving_prior,stage32_block1_attention,0.15481938421726227,0.029146971181035042,0.15205096448357105,0.18826435286767645
cifar_replicated_compensated,0,evolving_prior,stage32_block1_attention_residual,0.7722397446632385,0.7026278972625732,0.32041888400329754,0.909857207063304
cifar_replicated_compensated,0,evolving_prior,stage32_block1_ffn,0.19302912056446075,0.1672956496477127,0.09629333826822543,0.8666860687056048
cifar_replicated_compensated,0,evolving_prior,stage32_block1,0.8064595460891724,0.7347756028175354,0.3323880457875725,0.9111127847400907
cifar_replicated_compensated,0,evolving_prior,output_projection,1.0635768175125122,0.9125815629959106,0.5462513502317267,0.8580307016565588
cifar_replicated_compensated,1,fixed_latent,input_projection,0.5814939141273499,0.5725092887878418,0.10182478293021444,0.9845490638487742
cifar_replicated_compensated,1,fixed_latent,stage8_position,0.5818495750427246,0.5725092887878418,0.1038366131431432,0.9839472491593777
cifar_replicated_compensated,1,fixed_latent,stage8_block0_attention,0.05736828222870827,0.04329412057995796,0.037639592573257025,0.7546699830990006
cifar_replicated_compensated,1,fixed_latent,stage8_block0_attention_residual,0.584618091583252,0.5741007924079895,0.11039290358968783,0.9820099662896512
cifar_replicated_compensated,1,fixed_latent,stage8_block0_ffn,0.1981818974018097,0.1828875094652176,0.07634280149032631,0.9228265137376143
cifar_replicated_compensated,1,fixed_latent,stage8_block0,0.6168667078018188,0.6018978953361511,0.13506834856533273,0.9757341216889326
cifar_replicated_compensated,1,fixed_latent,stage8_block1_attention,0.07741565257310867,0.04976707324385643,0.05929942397747972,0.6428554380118171
cifar_replicated_compensated,1,fixed_latent,stage8_block1_attention_residual,0.6219295859336853,0.6039734482765198,0.14836604610427329,0.9711283430419081
cifar_replicated_compensated,1,fixed_latent,stage8_block1_ffn,0.2032204568386078,0.18187950551509857,0.09065538898088563,0.8949862053481278
cifar_replicated_compensated,1,fixed_latent,stage8_block1,0.6543286442756653,0.6294945478439331,0.17855696277208663,0.9620464476849806
cifar_replicated_compensated,1,fixed_latent,stage16_upsample,0.6543286442756653,0.6294945478439331,0.17855696277208663,0.9620464476849806
cifar_replicated_compensated,1,fixed_latent,stage16_position,0.6546721458435059,0.6294945478439331,0.1798116591828873,0.9615416691248825
cifar_replicated_compensated,1,fixed_latent,stage16_block0_attention,0.08418367803096771,0.030060073360800743,0.0786338580788512,0.3570772157251537
cifar_replicated_compensated,1,fixed_latent,stage16_block0_attention_residual,0.6608885526657104,0.629990816116333,0.19971292059767748,0.9532481892374279
cifar_replicated_compensated,1,fixed_latent,stage16_block0_ffn,0.2001556158065796,0.17935915291309357,0.08884010808868151,0.8960985290885733
cifar_replicated_compensated,1,fixed_latent,stage16_block0,0.692889392375946,0.6555944681167603,0.22425789493752488,0.9461747795975055
cifar_replicated_compensated,1,fixed_latent,stage16_block1_attention,0.12797823548316956,0.03283356875181198,0.12369472713258894,0.2565558794263102
cifar_replicated_compensated,1,fixed_latent,stage16_block1_attention_residual,0.7028668522834778,0.6561434268951416,0.25198733178710425,0.9335245000720395
cifar_replicated_compensated,1,fixed_latent,stage16_block1_ffn,0.19791927933692932,0.17251530289649963,0.09700779040767006,0.8716447608058281
cifar_replicated_compensated,1,fixed_latent,stage16_block1,0.7342537045478821,0.6827825903892517,0.27006746731813486,0.9299000960569566
cifar_replicated_compensated,1,fixed_latent,stage32_upsample,0.7342537045478821,0.6827826499938965,0.27006731662606037,0.929900177234136
cifar_replicated_compensated,1,fixed_latent,stage32_position,0.7345694303512573,0.6827825903892517,0.2709246800642459,0.9295004150428066
cifar_replicated_compensated,1,fixed_latent,stage32_block0_attention,0.16207052767276764,0.031955063343048096,0.15888904892053174,0.19716763931050887
cifar_replicated_compensated,1,fixed_latent,stage32_block0_attention_residual,0.7431859374046326,0.6813597083091736,0.2967731211697588,0.9168092048251483
cifar_replicated_compensated,1,fixed_latent,stage32_block0_ffn,0.21698883175849915,0.1687028557062149,0.13646794343173155,0.7774725286044915
cifar_replicated_compensated,1,fixed_latent,stage32_block0,0.7640743255615234,0.7014136910438538,0.3030320263578326,0.9179914408567256
cifar_replicated_compensated,1,fixed_latent,stage32_block1_attention,0.16963231563568115,0.028802212327718735,0.16716924080988213,0.16979201291796997
cifar_replicated_compensated,1,fixed_latent,stage32_block1_attention_residual,0.7905781865119934,0.7024717926979065,0.3626944298612562,0.888554484151897
cifar_replicated_compensated,1,fixed_latent,stage32_block1_ffn,0.18682582676410675,0.1593138724565506,0.09758575505159528,0.8527400906819282
cifar_replicated_compensated,1,fixed_latent,stage32_block1,0.8209712505340576,0.7320494651794434,0.37161455129467863,0.8916870897771768
cifar_replicated_compensated,1,fixed_latent,output_projection,1.0116355419158936,0.9094763398170471,0.4430115765761101,0.8990158037494694
cifar_replicated_compensated,1,evolving_prior,input_projection,0.581500768661499,0.5725154280662537,0.10182940920985711,0.9845480159623385
cifar_replicated_compensated,1,evolving_prior,stage8_position,0.5818564891815186,0.5725154280662537,0.1038415072538768,0.9839461082089078
cifar_replicated_compensated,1,evolving_prior,stage8_block0_attention,0.05736904591321945,0.043294429779052734,0.03764040088920086,0.7546653267433279
cifar_replicated_compensated,1,evolving_prior,stage8_block0_attention_residual,0.5846250057220459,0.5741070508956909,0.11039697200265394,0.9820090575609836
cifar_replicated_compensated,1,evolving_prior,stage8_block0_ffn,0.1981825828552246,0.18288789689540863,0.07634365275739922,0.9228252768761774
cifar_replicated_compensated,1,evolving_prior,stage8_block0,0.6168729066848755,0.6019037961959839,0.13507036361360175,0.975733882414553
cifar_replicated_compensated,1,evolving_prior,stage8_block1_attention,0.07741635292768478,0.049768779426813126,0.05929890635575896,0.6428716614085725
cifar_replicated_compensated,1,evolving_prior,stage8_block1_attention_residual,0.6219362020492554,0.603979766368866,0.14836806002796654,0.9711281709904912
cifar_replicated_compensated,1,evolving_prior,stage8_block1_ffn,0.20322057604789734,0.18187959492206573,0.09065547683523872,0.8949861202991487
cifar_replicated_compensated,1,evolving_prior,stage8_block1,0.6543340086936951,0.629500150680542,0.1785568683258517,0.9620471232074104
cifar_replicated_compensated,1,evolving_prior,stage16_upsample,0.6543340086936951,0.629500150680542,0.1785568683258517,0.9620471232074104
cifar_replicated_compensated,1,evolving_prior,stage16_position,0.6546775698661804,0.629500150680542,0.17981179265849745,0.9615422608860957
cifar_replicated_compensated,1,evolving_prior,stage16_block0_attention,0.08418042957782745,0.030057866126298904,0.07863122412783016,0.3570647747587159
cifar_replicated_compensated,1,evolving_prior,stage16_block0_attention_residual,0.6608937382698059,0.6299963593482971,0.19971259472584596,0.9532490971961742
cifar_replicated_compensated,1,evolving_prior,stage16_block0_ffn,0.20015421509742737,0.1793581247329712,0.08883902809879884,0.8960996631805459
cifar_replicated_compensated,1,evolving_prior,stage16_block0,0.6928936839103699,0.6555993556976318,0.22425686614178297,0.9461759731994291
cifar_replicated_compensated,1,evolving_prior,stage16_block1_attention,0.12797336280345917,0.03282921388745308,0.12369084162846353,0.25653161852026984
cifar_replicated_compensated,1,evolving_prior,stage16_block1_attention_residual,0.7028710842132568,0.6561482548713684,0.2519865644282983,0.9335257483323751
cifar_replicated_compensated,1,evolving_prior,stage16_block1_ffn,0.19792087376117706,0.17251719534397125,0.09700767794890182,0.8716473005881159
cifar_replicated_compensated,1,evolving_prior,stage16_block1,0.7342583537101746,0.6827877163887024,0.2700671478389712,0.929901189327444
cifar_replicated_compensated,1,evolving_prior,stage32_upsample,0.7342583537101746,0.6827877163887024,0.2700671478389712,0.929901189327444
cifar_replicated_compensated,1,evolving_prior,stage32_position,0.7345741391181946,0.6827877163887024,0.27092452862363275,0.9295014349516059
cifar_replicated_compensated,1,evolving_prior,stage32_block0_attention,0.1620684117078781,0.03195245936512947,0.15888741427197445,0.19715414637815118
cifar_replicated_compensated,1,evolving_prior,stage32_block0_attention_residual,0.743189811706543,0.6813644766807556,0.2967718755912811,0.9168108415213315
cifar_replicated_compensated,1,evolving_prior,stage32_block0_ffn,0.21698801219463348,0.1687023788690567,0.1364672297663423,0.7774732675910887
cifar_replicated_compensated,1,evolving_prior,stage32_block0,0.764078676700592,0.7014181017875671,0.30303278811583073,0.9179919858729695
cifar_replicated_compensated,1,evolving_prior,stage32_block1_attention,0.16962924599647522,0.02879869006574154,0.167166732778475,0.16977432102916945
cifar_replicated_compensated,1,evolving_prior,stage32_block1_attention_residual,0.7905815839767456,0.7024761438369751,0.36269340807783307,0.8885561693752253
cifar_replicated_compensated,1,evolving_prior,stage32_block1_ffn,0.18682661652565002,0.15931569039821625,0.09758429912317859,0.8527462165774612
cifar_replicated_compensated,1,evolving_prior,stage32_block1,0.8209742903709412,0.7320541143417358,0.37161210842141185,0.8916894510922766
cifar_replicated_compensated,1,evolving_prior,output_projection,1.011643648147583,0.9094792008399963,0.4430242138718744,0.8990114280906527
cifar_replicated_compensated,8,fixed_latent,input_projection,0.581358790397644,0.5723773241043091,0.10179509823072296,0.9845509065284939
cifar_replicated_compensated,8,fixed_latent,stage8_position,0.5817168951034546,0.5723773241043091,0.1038207344416052,0.9839448173540077
cifar_replicated_compensated,8,fixed_latent,stage8_block0_attention,0.057266730815172195,0.04340829327702522,0.03735235645890577,0.75800194387078
cifar_replicated_compensated,8,fixed_latent,stage8_block0_attention_residual,0.5844385027885437,0.5739418864250183,0.11026819373058573,0.9820398274353201
cifar_replicated_compensated,8,fixed_latent,stage8_block0_ffn,0.2144039273262024,0.18508006632328033,0.10823314234868,0.8632307655525936
cifar_replicated_compensated,8,fixed_latent,stage8_block0,0.6205524802207947,0.6012555360794067,0.15354856248771914,0.9689036064532012
cifar_replicated_compensated,8,fixed_latent,stage8_block1_attention,0.10807271301746368,0.049660589545965195,0.09598717177259801,0.45951089927704913
cifar_replicated_compensated,8,fixed_latent,stage8_block1_attention_residual,0.6335390210151672,0.6033399701118469,0.19326813398564227,0.9523327689351635
cifar_replicated_compensated,8,fixed_latent,stage8_block1_ffn,0.23520398139953613,0.18449796736240387,0.14588150295817046,0.7844168549553632
cifar_replicated_compensated,8,fixed_latent,stage8_block1,0.6921092867851257,0.630601167678833,0.28523224252581925,0.9111294700407788
cifar_replicated_compensated,8,fixed_latent,stage16_upsample,0.692109227180481,0.630601167678833,0.2852320978965287,0.9111295485075096
cifar_replicated_compensated,8,fixed_latent,stage16_position,0.692494809627533,0.630601167678833,0.2861664352840239,0.9106222298157148
cifar_replicated_compensated,8,fixed_latent,stage16_block0_attention,0.1128172054886818,0.029408270493149757,0.1089168282722059,0.26067185732676296
cifar_replicated_compensated,8,fixed_latent,stage16_block0_attention_residual,0.710289716720581,0.6311277151107788,0.3258669803739724,0.8885497005710649
cifar_replicated_compensated,8,fixed_latent,stage16_block0_ffn,0.2014409303665161,0.16712233424186707,0.11246587848977689,0.8296344438927713
cifar_replicated_compensated,8,fixed_latent,stage16_block0,0.7507575154304504,0.6531165838241577,0.37023718736664607,0.8699434509818929
cifar_replicated_compensated,8,fixed_latent,stage16_block1_attention,0.17839868366718292,0.03351534157991409,0.17522217956915523,0.18786765065172598
cifar_replicated_compensated,8,fixed_latent,stage16_block1_attention_residual,0.7845838069915771,0.6539636850357056,0.43347808346895333,0.8335166736913373
cifar_replicated_compensated,8,fixed_latent,stage16_block1_ffn,0.21334320306777954,0.16145943105220795,0.13944954076481259,0.756806069893457
cifar_replicated_compensated,8,fixed_latent,stage16_block1,0.8441410660743713,0.6779183149337769,0.5029919459698383,0.8030865244909792
cifar_replicated_compensated,8,fixed_latent,stage32_upsample,0.8441410660743713,0.6779183149337769,0.5029919459698383,0.8030865244909792
cifar_replicated_compensated,8,fixed_latent,stage32_position,0.8446190357208252,0.6779183149337769,0.5037936817580438,0.8026320580795571
cifar_replicated_compensated,8,fixed_latent,stage32_block0_attention,0.15623529255390167,0.02958057075738907,0.15340944062563536,0.1893334743632504
cifar_replicated_compensated,8,fixed_latent,stage32_block0_attention_residual,0.8695470690727234,0.6771687269210815,0.5454856740676562,0.7787602891275428
cifar_replicated_compensated,8,fixed_latent,stage32_block0_ffn,0.22496838867664337,0.14606288075447083,0.17110350893383372,0.6492595764839353
cifar_replicated_compensated,8,fixed_latent,stage32_block0,0.9075530767440796,0.6897265315055847,0.5898558288640715,0.7599847867631442
cifar_replicated_compensated,8,fixed_latent,stage32_block1_attention,0.19121482968330383,0.022118907421827316,0.18993121129840543,0.11567569031367161
cifar_replicated_compensated,8,fixed_latent,stage32_block1_attention_residual,0.9201235771179199,0.6904846429824829,0.6081598103900239,0.7504259864150755
cifar_replicated_compensated,8,fixed_latent,stage32_block1_ffn,0.22068382799625397,0.15176133811473846,0.16021812691672635,0.6876867212821529
cifar_replicated_compensated,8,fixed_latent,stage32_block1,0.9813094735145569,0.7175252437591553,0.6694219949910383,0.7311915997196489
cifar_replicated_compensated,8,fixed_latent,output_projection,1.8594626188278198,0.8890352845191956,1.6331618087923458,0.4781140935651782
cifar_replicated_compensated,8,evolving_prior,input_projection,0.581410825252533,0.5724364519119263,0.10175979679282157,0.9845644887387353
cifar_replicated_compensated,8,evolving_prior,stage8_position,0.5817689895629883,0.5724364519119263,0.10378663565038271,0.9839583446032893
cifar_replicated_compensated,8,evolving_prior,stage8_block0_attention,0.05726904422044754,0.043410737067461014,0.03735306323694674,0.7580139961889131
cifar_replicated_compensated,8,evolving_prior,stage8_block0_attention_residual,0.5844904780387878,0.5740017294883728,0.11023217979504726,0.9820548855036797
cifar_replicated_compensated,8,evolving_prior,stage8_block0_ffn,0.2144046574831009,0.18508276343345642,0.1082299765789544,0.8632404053444801
cifar_replicated_compensated,8,evolving_prior,stage8_block0,0.6206026673316956,0.6013157963752747,0.15351541853763226,0.9689223524620906
cifar_replicated_compensated,8,evolving_prior,stage8_block1_attention,0.10805404931306839,0.04966573044657707,0.09596349718595588,0.4596378457107053
cifar_replicated_compensated,8,evolving_prior,stage8_block1_attention_residual,0.6335849761962891,0.6034016609191895,0.19322618265032224,0.9523610621919978
cifar_replicated_compensated,8,evolving_prior,stage8_block1_ffn,0.23518824577331543,0.18449842929840088,0.14585554681379928,0.7844713016662764
cifar_replicated_compensated,8,evolving_prior,stage8_block1,0.6921353340148926,0.6306573152542114,0.28517130169120647,0.911176303622496
cifar_replicated_compensated,8,evolving_prior,stage16_upsample,0.6921353340148926,0.6306573152542114,0.28517130169120647,0.911176303622496
cifar_replicated_compensated,8,evolving_prior,stage16_position,0.6925211548805237,0.6306573152542114,0.28610644989829304,0.9106686645016855
cifar_replicated_compensated,8,evolving_prior,stage16_block0_attention,0.11278433352708817,0.029389524832367897,0.10888784008913527,0.2605816243557375
cifar_replicated_compensated,8,evolving_prior,stage16_block0_attention_residual,0.7103051543235779,0.6311819553375244,0.32579556705845636,0.8886067509091887
cifar_replicated_compensated,8,evolving_prior,stage16_block0_ffn,0.2014356404542923,0.16713199019432068,0.11244205218207473,0.8297041666380014
cifar_replicated_compensated,8,evolving_prior,stage16_block0,0.7507601976394653,0.6531673669815063,0.37015302925964993,0.8700079852863676
cifar_replicated_compensated,8,evolving_prior,stage16_block1_attention,0.1783464550971985,0.03345119208097458,0.17518126553401417,0.18756297714324482
cifar_replicated_compensated,8,evolving_prior,stage16_block1_attention_residual,0.7845668792724609,0.6540091633796692,0.4333788207408773,0.8335926237239843
cifar_replicated_compensated,8,evolving_prior,stage16_block1_ffn,0.21333806216716766,0.16147571802139282,0.13942281469945272,0.7569006504561925
cifar_replicated_compensated,8,evolving_prior,stage16_block1,0.844112753868103,0.6779649257659912,0.5028815970722201,0.8031686793728113
cifar_replicated_compensated,8,evolving_prior,stage32_upsample,0.844112753868103,0.6779649257659912,0.5028815970722201,0.8031686793728113
cifar_replicated_compensated,8,evolving_prior,stage32_position,0.8445909023284912,0.6779649257659912,0.503683781481168,0.8027139812859442
cifar_replicated_compensated,8,evolving_prior,stage32_block0_attention,0.15622250735759735,0.02956364117562771,0.153399683590069,0.18924060095870673
cifar_replicated_compensated,8,evolving_prior,stage32_block0_attention_residual,0.8695169687271118,0.6772148013114929,0.5453804835058002,0.7788402362093858
cifar_replicated_compensated,8,evolving_prior,stage32_block0_ffn,0.22496682405471802,0.14607582986354828,0.17109039673500717,0.6493216521028837
cifar_replicated_compensated,8,evolving_prior,stage32_block0,0.907516360282898,0.6897709965705872,0.5897473327376205,0.7600645307987246
cifar_replicated_compensated,8,evolving_prior,stage32_block1_attention,0.19120170176029205,0.022094564512372017,0.18992082817595415,0.11555631727625408
cifar_replicated_compensated,8,evolving_prior,stage32_block1_attention_residual,0.9200828671455383,0.6905295252799988,0.6080472490944547,0.7505079704638942
cifar_replicated_compensated,8,evolving_prior,stage32_block1_ffn,0.22067862749099731,0.15177731215953827,0.160195830610339,0.6877753132923128
cifar_replicated_compensated,8,evolving_prior,stage32_block1,0.9812554717063904,0.7175683975219727,0.6692965677720744,0.7312758177787592
cifar_replicated_compensated,8,evolving_prior,output_projection,1.859190583229065,0.8889920115470886,1.6328756315693769,0.47816077575171256
cifar_replicated_compensated,16,fixed_latent,input_projection,0.5807357430458069,0.5717483162879944,0.10177360204301003,0.9845240681920562
cifar_replicated_compensated,16,fixed_latent,stage8_position,0.5811053514480591,0.5717483162879944,0.10386189052494565,0.9838978678534832
cifar_replicated_compensated,16,fixed_latent,stage8_block0_attention,0.058175891637802124,0.04352237284183502,0.03860359348648253,0.7481169882672604
cifar_replicated_compensated,16,fixed_latent,stage8_block0_attention_residual,0.5838795900344849,0.5732479691505432,0.11091501937797231,0.9817914154469525
cifar_replicated_compensated,16,fixed_latent,stage8_block0_ffn,0.2761877477169037,0.1901664286851883,0.20029079207506578,0.6885404231621148
cifar_replicated_compensated,16,fixed_latent,stage8_block0,0.6429871916770935,0.5989112854003906,0.23396110976153117,0.9314513463919236
cifar_replicated_compensated,16,fixed_latent,stage8_block1_attention,0.27956539392471313,0.0525895394384861,0.27457448865822903,0.18811176412145075
cifar_replicated_compensated,16,fixed_latent,stage8_block1_attention_residual,0.7414258718490601,0.601646900177002,0.4332820455021688,0.8114727621745113
cifar_replicated_compensated,16,fixed_latent,stage8_block1_ffn,0.5989424586296082,0.19404339790344238,0.5666385342344502,0.32397669443474986
cifar_replicated_compensated,16,fixed_latent,stage8_block1,1.1142628192901611,0.6358884572982788,0.9150013662980364,0.5706808540047762
cifar_replicated_compensated,16,fixed_latent,stage16_upsample,1.1142628192901611,0.6358884572982788,0.9150013662980364,0.5706808540047762
cifar_replicated_compensated,16,fixed_latent,stage16_position,1.114833950996399,0.6358884572982788,0.9156967883361044,0.5703884930396534
cifar_replicated_compensated,16,fixed_latent,stage16_block0_attention,0.2263810932636261,0.019432399421930313,0.22554551921938315,0.08583932139289047
cifar_replicated_compensated,16,fixed_latent,stage16_block0_attention_residual,1.2130557298660278,0.6365827918052673,1.0326018365944412,0.5247762127759561
cifar_replicated_compensated,16,fixed_latent,stage16_block0_ffn,0.24439764022827148,0.1027524322271347,0.22174792946171046,0.42043135985749375
cifar_replicated_compensated,16,fixed_latent,stage16_block0,1.3453742265701294,0.6444404125213623,1.180986182911752,0.4790045771608737
cifar_replicated_compensated,16,fixed_latent,stage16_block1_attention,0.36004436016082764,0.017962133511900902,0.35959602756888237,0.04988866789602655
cifar_replicated_compensated,16,fixed_latent,stage16_block1_attention_residual,1.5029833316802979,0.6448554992675781,1.3576156600353322,0.4290503332107122
cifar_replicated_compensated,16,fixed_latent,stage16_block1_ffn,0.3257145285606384,0.08952757716178894,0.3131689113609761,0.2748651635449585
cifar_replicated_compensated,16,fixed_latent,stage16_block1,1.715270757675171,0.6524710655212402,1.5863276082805633,0.38038954643264655
cifar_replicated_compensated,16,fixed_latent,stage32_upsample,1.715270757675171,0.6524710655212402,1.5863276082805633,0.38038954643264655
cifar_replicated_compensated,16,fixed_latent,stage32_position,1.7159345149993896,0.6524710655212402,1.5870452950132734,0.3802424042513489
cifar_replicated_compensated,16,fixed_latent,stage32_block0_attention,0.2498067021369934,0.010247360914945602,0.24959643432316775,0.04102116087071985
cifar_replicated_compensated,16,fixed_latent,stage32_block0_attention_residual,1.7431987524032593,0.6522632241249084,1.6165687665034418,0.3741760503360081
cifar_replicated_compensated,16,fixed_latent,stage32_block0_ffn,0.23525995016098022,0.07158113270998001,0.2241057464450725,0.3042639967448753
cifar_replicated_compensated,16,fixed_latent,stage32_block0,1.8274381160736084,0.6524813771247864,1.7069850967668116,0.35704704382914637
cifar_replicated_compensated,16,fixed_latent,stage32_block1_attention,0.2457749843597412,0.007278816774487495,0.24566717681325376,0.029615775557668148
cifar_replicated_compensated,16,fixed_latent,stage32_block1_attention_residual,1.895175576210022,0.6529157757759094,1.779154702212804,0.34451466342850007
cifar_replicated_compensated,16,fixed_latent,stage32_block1_ffn,0.27166107296943665,0.0731058120727539,0.26163959717154583,0.26910668972060897
cifar_replicated_compensated,16,fixed_latent,stage32_block1,2.0182626247406006,0.6603704690933228,1.9071693333247268,0.3271974920400647
cifar_replicated_compensated,16,fixed_latent,output_projection,5.076324939727783,0.8737467527389526,5.000564118755045,0.1721219116414181
cifar_replicated_compensated,16,evolving_prior,input_projection,0.5804826617240906,0.5714970827102661,0.10174087190475725,0.9845205040454845
cifar_replicated_compensated,16,evolving_prior,stage8_position,0.5808526873588562,0.5714970827102661,0.10383125187370322,0.983893326393771
cifar_replicated_compensated,16,evolving_prior,stage8_block0_attention,0.05818105489015579,0.04352445900440216,0.038609022475393454,0.7480864533407846
cifar_replicated_compensated,16,evolving_prior,stage8_block0_attention_residual,0.5836291909217834,0.5729991793632507,0.11088269903396458,0.9817863607169071
cifar_replicated_compensated,16,evolving_prior,stage8_block0_ffn,0.27619436383247375,0.1901712715625763,0.20029531718214919,0.6885414637857167
cifar_replicated_compensated,16,evolving_prior,stage8_block0,0.6427710652351379,0.598686158657074,0.23394342422036743,0.931414295131756
cifar_replicated_compensated,16,evolving_prior,stage8_block1_attention,0.27961215376853943,0.052612122148275375,0.2746177728009174,0.18816107039405464
cifar_replicated_compensated,16,evolving_prior,stage8_block1_attention_residual,0.7412724494934082,0.6014323234558105,0.4333174410065936,0.8113512432127141
cifar_replicated_compensated,16,evolving_prior,stage8_block1_ffn,0.59903883934021,0.19400252401828766,0.5667544015820253,0.3238563366474949
cifar_replicated_compensated,16,evolving_prior,stage8_block1,1.1142582893371582,0.6356734037399292,0.915145266684073,0.570490172541659
cifar_replicated_compensated,16,evolving_prior,stage16_upsample,1.1142582893371582,0.6356734037399292,0.915145266684073,0.570490172541659
cifar_replicated_compensated,16,evolving_prior,stage16_position,1.1148297786712646,0.6356733441352844,0.9158410533319006,0.5701976716956074
cifar_replicated_compensated,16,evolving_prior,stage16_block0_attention,0.22641000151634216,0.01939111016690731,0.22557808766173396,0.08564599636517237
cifar_replicated_compensated,16,evolving_prior,stage16_block0_attention_residual,1.213078260421753,0.6363633871078491,1.032763528333806,0.5245856000144653
cifar_replicated_compensated,16,evolving_prior,stage16_block0_ffn,0.244402214884758,0.10271323472261429,0.22177112989159017,0.42026310919909726
cifar_replicated_compensated,16,evolving_prior,stage16_block0,1.3454194068908691,0.644212007522583,1.1811622538001718,0.4788187268766199
cifar_replicated_compensated,16,evolving_prior,stage16_block1_attention,0.3600936532020569,0.01790371909737587,0.3596482947532012,0.04971961859969156
cifar_replicated_compensated,16,evolving_prior,stage16_block1_attention_residual,1.5030667781829834,0.6446219682693481,1.3578189340637157,0.4288711437349538
cifar_replicated_compensated,16,evolving_prior,stage16_block1_ffn,0.3257333040237427,0.08948550373315811,0.3132004629176766,0.2747201548866969
cifar_replicated_compensated,16,evolving_prior,stage16_block1,1.7153955698013306,0.6522289514541626,1.5865621184747338,0.3802207274731978
cifar_replicated_compensated,16,evolving_prior,stage32_upsample,1.7153955698013306,0.6522289514541626,1.5865621184747338,0.3802207274731978
cifar_replicated_compensated,16,evolving_prior,stage32_position,1.7160594463348389,0.6522289514541626,1.5872798802479786,0.38007363488904405
cifar_replicated_compensated,16,evolving_prior,stage32_block0_attention,0.24981963634490967,0.010213229805231094,0.24961077829382378,0.04088241402741598
cifar_replicated_compensated,16,evolving_prior,stage32_block0_attention_residual,1.7433220148086548,0.6520223021507263,1.6167988634380512,0.37401139698352953
cifar_replicated_compensated,16,evolving_prior,stage32_block0_ffn,0.2352587878704071,0.07154368609189987,0.22411648366560838,0.3041063279273116
cifar_replicated_compensated,16,evolving_prior,stage32_block0,1.8275727033615112,0.6522359848022461,1.707222951521314,0.35688647767750536
cifar_replicated_compensated,16,evolving_prior,stage32_block1_attention,0.245784193277359,0.007267022039741278,0.24567673893894815,0.02956667775433668
cifar_replicated_compensated,16,evolving_prior,stage32_block1_attention_residual,1.8953168392181396,0.6526694297790527,1.7793955536798798,0.34435900967792454
cifar_replicated_compensated,16,evolving_prior,stage32_block1_ffn,0.27167224884033203,0.07307089865207672,0.2616609534495761,0.2689671063717007
cifar_replicated_compensated,16,evolving_prior,stage32_block1,2.0184125900268555,0.6601096391677856,1.9074183201009407,0.3270439564385608
cifar_replicated_compensated,16,evolving_prior,output_projection,5.076899528503418,0.8733025789260864,5.001224992755202,0.17201494219514737
cifar_replicated_compensated,32,fixed_latent,input_projection,0.5810028314590454,0.5720155835151672,0.10179618057290098,0.9845314902832591
cifar_replicated_compensated,32,fixed_latent,stage8_position,0.5813815593719482,0.5720155835151672,0.10393598892376459,0.9838901394345929
cifar_replicated_compensated,32,fixed_latent,stage8_block0_attention,0.06047113984823227,0.047988757491111755,0.03679453640153291,0.7935811630399521
cifar_replicated_compensated,32,fixed_latent,stage8_block0_attention_residual,0.5847073793411255,0.5742299556732178,0.11019381771905887,0.9820809108314759
cifar_replicated_compensated,32,fixed_latent,stage8_block0_ffn,0.23992809653282166,0.2146742045879364,0.10714698964693228,0.8947439157404786
cifar_replicated_compensated,32,fixed_latent,stage8_block0,0.6316625475883484,0.6141240000724792,0.1478150417270854,0.9722343083615923
cifar_replicated_compensated,32,fixed_latent,stage8_block1_attention,0.09235531091690063,0.059229157865047455,0.07086191017150661,0.6413183744066501
cifar_replicated_compensated,32,fixed_latent,stage8_block1_attention_residual,0.6413015127182007,0.6185286045074463,0.16938121389553096,0.9644895454647692
cifar_replicated_compensated,32,fixed_latent,stage8_block1_ffn,0.4137684106826782,0.35954710841178894,0.20476858770717435,0.8689573663165119
cifar_replicated_compensated,32,fixed_latent,stage8_block1,0.8234766721725464,0.7664633989334106,0.3010775443433383,0.9307651629174633
cifar_replicated_compensated,32,fixed_latent,stage16_upsample,0.8234767317771912,0.7664633989334106,0.30107770736786116,0.9307650955470996
cifar_replicated_compensated,32,fixed_latent,stage16_position,0.8239472508430481,0.7664633989334106,0.30236225006978007,0.9302335776339796
cifar_replicated_compensated,32,fixed_latent,stage16_block0_attention,0.10228978097438812,0.05020647495985031,0.08912075607788691,0.49082591126499026
cifar_replicated_compensated,32,fixed_latent,stage16_block0_attention_residual,0.828901469707489,0.768713653087616,0.31009186709736153,0.9273884546964156
cifar_replicated_compensated,32,fixed_latent,stage16_block0_ffn,0.24594447016716003,0.20959462225437164,0.12868091050288824,0.8522030282360785
cifar_replicated_compensated,32,fixed_latent,stage16_block0,0.9364363551139832,0.8555139899253845,0.3808002891557608,0.9135847676708913
cifar_replicated_compensated,32,fixed_latent,stage16_block1_attention,0.15786193311214447,0.07356729358434677,0.1396719128550107,0.46602301222350334
cifar_replicated_compensated,32,fixed_latent,stage16_block1_attention_residual,0.9437844753265381,0.8598304986953735,0.3891280629569834,0.911045393491859
cifar_replicated_compensated,32,fixed_latent,stage16_block1_ffn,0.25132521986961365,0.21664626896381378,0.12739215158936792,0.8620156348662854
cifar_replicated_compensated,32,fixed_latent,stage16_block1,1.0571480989456177,0.9580602049827576,0.44685875479029163,0.9062686731767396
cifar_replicated_compensated,32,fixed_latent,stage32_upsample,1.0571482181549072,0.9580601453781128,0.4468591645990543,0.9062685145988916
cifar_replicated_compensated,32,fixed_latent,stage32_position,1.0574842691421509,0.9580601453781128,0.447653590760957,0.9059805174740873
cifar_replicated_compensated,32,fixed_latent,stage32_block0_attention,0.1841074675321579,0.060673631727695465,0.17382252447274077,0.32955551744308065
cifar_replicated_compensated,32,fixed_latent,stage32_block0_attention_residual,1.0481771230697632,0.9544782042503357,0.43318199285965237,0.9106077429499564
cifar_replicated_compensated,32,fixed_latent,stage32_block0_ffn,0.2122919112443924,0.17373590171337128,0.12199873784444974,0.8183821074245495
cifar_replicated_compensated,32,fixed_latent,stage32_block0,1.0866647958755493,0.9953430891036987,0.4360418713481031,0.9159614748554813
cifar_replicated_compensated,32,fixed_latent,stage32_block1_attention,0.17693562805652618,0.05941054970026016,0.16666314247628447,0.3357749389019609
cifar_replicated_compensated,32,fixed_latent,stage32_block1_attention_residual,1.113602876663208,1.0057651996612549,0.47806665859786557,0.9031632557154691
cifar_replicated_compensated,32,fixed_latent,stage32_block1_ffn,0.20505070686340332,0.17141354084014893,0.11253084200264367,0.8359568394677023
cifar_replicated_compensated,32,fixed_latent,stage32_block1,1.1574692726135254,1.0482134819030762,0.49090081829338295,0.905608042221498
cifar_replicated_compensated,32,fixed_latent,output_projection,2.334468364715576,2.1933839321136475,0.7992555737706749,0.9395646414685436
cifar_replicated_compensated,32,evolving_prior,input_projection,0.5807521939277649,0.5718079209327698,0.10153232150628465,0.9845988132485513
cifar_replicated_compensated,32,evolving_prior,stage8_position,0.5811317563056946,0.5718079209327698,0.10368133749853202,0.9839557290205628
cifar_replicated_compensated,32,evolving_prior,stage8_block0_attention,0.060448069125413895,0.04797614738345146,0.03677306545873161,0.7936754321120421
cifar_replicated_compensated,32,evolving_prior,stage8_block0_attention_residual,0.5844551920890808,0.5740227103233337,0.10993543374607856,0.9821500742795062
cifar_replicated_compensated,32,evolving_prior,stage8_block0_ffn,0.24000126123428345,0.21469558775424957,0.10726793553016711,0.8945602479341511
cifar_replicated_compensated,32,evolving_prior,stage8_block0,0.6314839124679565,0.6139463782310486,0.14778963550539,0.9722280585607193
cifar_replicated_compensated,32,evolving_prior,stage8_block1_attention,0.09237966686487198,0.05922532081604004,0.07089685623708473,0.641107754833882
cifar_replicated_compensated,32,evolving_prior,stage8_block1_attention_residual,0.641136884689331,0.61834716796875,0.16942043788801592,0.9644542105362975
cifar_replicated_compensated,32,evolving_prior,stage8_block1_ffn,0.4141567051410675,0.35957127809524536,0.20550978658510854,0.8682010302664794
cifar_replicated_compensated,32,evolving_prior,stage8_block1,0.8236899375915527,0.7663381695747375,0.30197834879742097,0.9303721395644212
cifar_replicated_compensated,32,evolving_prior,stage16_upsample,0.8236899375915527,0.7663381099700928,0.3019785000576068,0.9303720672014579
cifar_replicated_compensated,32,evolving_prior,stage16_position,0.824162483215332,0.7663381099700928,0.30326506549078225,0.9298386247580124
cifar_replicated_compensated,32,evolving_prior,stage16_block0_attention,0.1023799479007721,0.050155457109212875,0.08925292070476303,0.48989531776109285
cifar_replicated_compensated,32,evolving_prior,stage16_block0_attention_residual,0.8291200399398804,0.7685869336128235,0.31098901284377567,0.9269911431263365
cifar_replicated_compensated,32,evolving_prior,stage16_block0_ffn,0.24603411555290222,0.20956063270568848,0.1289074366973852,0.851754368432815
cifar_replicated_compensated,32,evolving_prior,stage16_block0,0.9368189573287964,0.8553807735443115,0.38203859891553954,0.9130694536576266
cifar_replicated_compensated,32,evolving_prior,stage16_block1_attention,0.15806818008422852,0.07346377521753311,0.13995936298057327,0.46476004960889067
cifar_replicated_compensated,32,evolving_prior,stage16_block1_attention_residual,0.9441785216331482,0.8596911430358887,0.390389829912364,0.9105175804559487
cifar_replicated_compensated,32,evolving_prior,stage16_block1_ffn,0.2513740360736847,0.2165636420249939,0.12762873878889672,0.8615195324369661
cifar_replicated_compensated,32,evolving_prior,stage16_block1,1.0576390027999878,0.9578779935836792,0.44840830684974786,0.9056757466846421
cifar_replicated_compensated,32,evolving_prior,stage32_upsample,1.0576390027999878,0.957878053188324,0.4484081795238563,0.9056758030409646
cifar_replicated_compensated,32,evolving_prior,stage32_position,1.0579769611358643,0.957878053188324,0.4492047256145291,0.9053864955243711
cifar_replicated_compensated,32,evolving_prior,stage32_block0_attention,0.18427690863609314,0.06061921268701553,0.17402094733014584,0.3289571826208856
cifar_replicated_compensated,32,evolving_prior,stage32_block0_attention_residual,1.0485565662384033,0.9542997479438782,0.4344915001193023,0.9101080272353236
cifar_replicated_compensated,32,evolving_prior,stage32_block0_ffn,0.21227772533893585,0.17368125915527344,0.1220518451040845,0.8181793868290378
cifar_replicated_compensated,32,evolving_prior,stage32_block0,1.0870580673217773,0.995162308216095,0.4374325342671391,0.9154637991583199
cifar_replicated_compensated,32,evolving_prior,stage32_block1_attention,0.176997572183609,0.05936291068792343,0.16674587069414795,0.3353882765484666
cifar_replicated_compensated,32,evolving_prior,stage32_block1_attention_residual,1.1140621900558472,1.0055779218673706,0.4795285250795106,0.9026227896819312
cifar_replicated_compensated,32,evolving_prior,stage32_block1_ffn,0.205004021525383,0.17134341597557068,0.11255257724016028,0.8358051451900685
cifar_replicated_compensated,32,evolving_prior,stage32_block1,1.157854437828064,1.048000693321228,0.49226156258270604,0.905123009492538
cifar_replicated_compensated,32,evolving_prior,output_projection,2.3354873657226562,2.193009376525879,0.8032503407529487,0.9389943224322727
cifar_replicated_compensated,64,fixed_latent,input_projection,0.5789386630058289,0.5699394345283508,0.10168095442353188,0.9844556443496892
cifar_replicated_compensated,64,fixed_latent,stage8_position,0.5793769359588623,0.5699394345283508,0.10414737102098799,0.9837109473215524
cifar_replicated_compensated,64,fixed_latent,stage8_block0_attention,0.06461396813392639,0.05311167240142822,0.03679830339479557,0.8219843779187624
cifar_replicated_compensated,64,fixed_latent,stage8_block0_attention_residual,0.5830022692680359,0.5724737644195557,0.11029703088924246,0.9819408853044451
cifar_replicated_compensated,64,fixed_latent,stage8_block0_ffn,0.2345949411392212,0.20765531063079834,0.1091515385825656,0.8851653391262371
cifar_replicated_compensated,64,fixed_latent,stage8_block0,0.6102218627929688,0.5920461416244507,0.14782451764887197,0.9702145690334196
cifar_replicated_compensated,64,fixed_latent,stage8_block1_attention,0.1294521987438202,0.08781668543815613,0.09511099578001199,0.6783715247041977
cifar_replicated_compensated,64,fixed_latent,stage8_block1_attention_residual,0.6246688961982727,0.5968255400657654,0.18441937154967175,0.955427016933352
cifar_replicated_compensated,64,fixed_latent,stage8_block1_ffn,0.27756693959236145,0.24304045736789703,0.13406991473508534,0.8756102499988995
cifar_replicated_compensated,64,fixed_latent,stage8_block1,0.697300374507904,0.6494519710540771,0.2538502503107637,0.9313804994187845
cifar_replicated_compensated,64,fixed_latent,stage16_upsample,0.697300374507904,0.6494519710540771,0.2538502503107637,0.9313804994187845
cifar_replicated_compensated,64,fixed_latent,stage16_position,0.6981303691864014,0.6494519710540771,0.2561213573178059,0.9302731978426123
cifar_replicated_compensated,64,fixed_latent,stage16_block0_attention,0.10382512211799622,0.04709463194012642,0.09252973373592324,0.45359572885070953
cifar_replicated_compensated,64,fixed_latent,stage16_block0_attention_residual,0.7046240568161011,0.6493126749992371,0.27365692304291367,0.9215022801424169
cifar_replicated_compensated,64,fixed_latent,stage16_block0_ffn,0.21216727793216705,0.18208473920822144,0.10890409346126255,0.8582131089339637
cifar_replicated_compensated,64,fixed_latent,stage16_block0,0.7370014190673828,0.6738221645355225,0.2985544879716252,0.9142752606747913
cifar_replicated_compensated,64,fixed_latent,stage16_block1_attention,0.167324498295784,0.05475258082151413,0.15811275288008675,0.3272239354020146
cifar_replicated_compensated,64,fixed_latent,stage16_block1_attention_residual,0.7528812289237976,0.675058126449585,0.3333566720199011,0.8966329621666136
cifar_replicated_compensated,64,fixed_latent,stage16_block1_ffn,0.21623370051383972,0.17810234427452087,0.12262368532151108,0.8236567373693061
cifar_replicated_compensated,64,fixed_latent,stage16_block1,0.7882575392723083,0.7041602730751038,0.3542714468348106,0.8933124492854959
cifar_replicated_compensated,64,fixed_latent,stage32_upsample,0.7882575392723083,0.7041602730751038,0.3542714468348106,0.8933124492854959
cifar_replicated_compensated,64,fixed_latent,stage32_position,0.7889829277992249,0.7041602730751038,0.355882523006444,0.8924911405108297
cifar_replicated_compensated,64,fixed_latent,stage32_block0_attention,0.1745179444551468,0.04736509174108505,0.16796744036035166,0.2714052809237531
cifar_replicated_compensated,64,fixed_latent,stage32_block0_attention_residual,0.8067954182624817,0.700271725654602,0.4006723813517205,0.8679669093345999
cifar_replicated_compensated,64,fixed_latent,stage32_block0_ffn,0.21113279461860657,0.16585010290145874,0.13065527287881745,0.7855250682446223
cifar_replicated_compensated,64,fixed_latent,stage32_block0,0.812759280204773,0.7092772722244263,0.3968669785518288,0.8726781588340958
cifar_replicated_compensated,64,fixed_latent,stage32_block1_attention,0.21612024307250977,0.04238418862223625,0.21192342961682034,0.19611392260009664
cifar_replicated_compensated,64,fixed_latent,stage32_block1_attention_residual,0.8376944661140442,0.7092999815940857,0.44567426969561885,0.8467287421444195
cifar_replicated_compensated,64,fixed_latent,stage32_block1_ffn,0.2090233862400055,0.15999166667461395,0.13451186784041674,0.7654247189877013
cifar_replicated_compensated,64,fixed_latent,stage32_block1,0.8655260801315308,0.7240307331085205,0.47425192978225333,0.8365209896372993
cifar_replicated_compensated,64,fixed_latent,output_projection,0.9119154810905457,0.7237129807472229,0.554823725295315,0.7936184830218539
cifar_replicated_compensated,64,evolving_prior,input_projection,0.5776715278625488,0.5687467455863953,0.10115104294042503,0.9845504203588218
cifar_replicated_compensated,64,evolving_prior,stage8_position,0.5781119465827942,0.5687467455863953,0.10363668349880588,0.9838003676420174
cifar_replicated_compensated,64,evolving_prior,stage8_block0_attention,0.06457484513521194,0.05309055373072624,0.03676008336227593,0.8221553395840288
cifar_replicated_compensated,64,evolving_prior,stage8_block0_attention_residual,0.5817386507987976,0.5712841153144836,0.10979215556019083,0.9820288105836553
cifar_replicated_compensated,64,evolving_prior,stage8_block0_ffn,0.23463724553585052,0.20770202577114105,0.1091535866713287,0.8852048416132894
cifar_replicated_compensated,64,evolving_prior,stage8_block0,0.6091083884239197,0.5909826159477234,0.14748754691827473,0.9702421230429988
cifar_replicated_compensated,64,evolving_prior,stage8_block1_attention,0.12975426018238068,0.08802507817745209,0.09532971020269802,0.6783983666796399
cifar_replicated_compensated,64,evolving_prior,stage8_block1_attention_residual,0.6236307621002197,0.5957977175712585,0.18422922453991844,0.9553693527958322
cifar_replicated_compensated,64,evolving_prior,stage8_block1_ffn,0.27765393257141113,0.24316535890102386,0.1340235595069239,0.8757857547668013
cifar_replicated_compensated,64,evolving_prior,stage8_block1,0.696526050567627,0.6486650109291077,0.25373656164549296,0.9312860737950642
cifar_replicated_compensated,64,evolving_prior,stage16_upsample,0.696526050567627,0.6486650109291077,0.25373656164549296,0.9312860737950642
cifar_replicated_compensated,64,evolving_prior,stage16_position,0.697360098361969,0.6486650109291077,0.25601720720247634,0.9301722488177323
cifar_replicated_compensated,64,evolving_prior,stage16_block0_attention,0.10397066920995712,0.04730185121297836,0.09258744476327005,0.4549538016097364
cifar_replicated_compensated,64,evolving_prior,stage16_block0_attention_residual,0.7038782835006714,0.6485210061073303,0.2736149532123337,0.921353906362863
cifar_replicated_compensated,64,evolving_prior,stage16_block0_ffn,0.2121911346912384,0.18207697570323944,0.10896353775606421,0.858080032269876
cifar_replicated_compensated,64,evolving_prior,stage16_block0,0.7363780736923218,0.6731288433074951,0.2985803538786974,0.9141076674544578
cifar_replicated_compensated,64,evolving_prior,stage16_block1_attention,0.1676110178232193,0.055085111409425735,0.15830061211741,0.32864851084863916
cifar_replicated_compensated,64,evolving_prior,stage16_block1_attention_residual,0.7523028254508972,0.6743890643119812,0.3334050556272559,0.8964329808382443
cifar_replicated_compensated,64,evolving_prior,stage16_block1_ffn,0.21625232696533203,0.1780899316072464,0.12267454983837182,0.8235283943825329
cifar_replicated_compensated,64,evolving_prior,stage16_block1,0.7877717018127441,0.7035863995552063,0.3543309646896368,0.8931348992813289
cifar_replicated_compensated,64,evolving_prior,stage32_upsample,0.7877717018127441,0.7035863995552063,0.3543309646896368,0.8931348992813289
cifar_replicated_compensated,64,evolving_prior,stage32_position,0.7885001301765442,0.7035863995552063,0.3559475153015803,0.8923098077329096
cifar_replicated_compensated,64,evolving_prior,stage32_block0_attention,0.17458857595920563,0.04745958372950554,0.16801416240211825,0.2718367079217998
cifar_replicated_compensated,64,evolving_prior,stage32_block0_attention_residual,0.806280255317688,0.6996843218803406,0.40066157768121974,0.867792950733555
cifar_replicated_compensated,64,evolving_prior,stage32_block0_ffn,0.21111853420734406,0.16582733392715454,0.13066112967699875,0.785470278816411
cifar_replicated_compensated,64,evolving_prior,stage32_block0,0.8122422695159912,0.7087000012397766,0.3968397820673083,0.8725229255331484
cifar_replicated_compensated,64,evolving_prior,stage32_block1_attention,0.21636633574962616,0.04276323691010475,0.21209831874555302,0.19764274678843444
cifar_replicated_compensated,64,evolving_prior,stage32_block1_attention_residual,0.8372892141342163,0.7087408900260925,0.4458021746363691,0.8464708228195118
cifar_replicated_compensated,64,evolving_prior,stage32_block1_ffn,0.2090381681919098,0.15992705523967743,0.13461163680527152,0.7650615034707663
cifar_replicated_compensated,64,evolving_prior,stage32_block1,0.8651295900344849,0.7234431505203247,0.47442514216519205,0.8362251838958457
cifar_replicated_compensated,64,evolving_prior,output_projection,0.9121763110160828,0.7240557670593262,0.554805252829351,0.7937673433470256
cifar_replicated_compensated,128,fixed_latent,input_projection,0.5720900893211365,0.5630986094474792,0.10102982895056857,0.9842831049838202
cifar_replicated_compensated,128,fixed_latent,stage8_position,0.5725276470184326,0.5630986094474792,0.10347880284762773,0.9835308607015623
cifar_replicated_compensated,128,fixed_latent,stage8_block0_attention,0.06198040395975113,0.05025182664394379,0.036281185123434916,0.8107695889910035
cifar_replicated_compensated,128,fixed_latent,stage8_block0_attention_residual,0.5749894380569458,0.5645116567611694,0.10926775946180071,0.9817774369366091
cifar_replicated_compensated,128,fixed_latent,stage8_block0_ffn,0.2369716465473175,0.2232394963502884,0.0794964687053227,0.942051505329406
cifar_replicated_compensated,128,fixed_latent,stage8_block0,0.5572378635406494,0.544450581073761,0.11869120157699742,0.9770523804939618
cifar_replicated_compensated,128,fixed_latent,stage8_block1_attention,0.09399715065956116,0.08166549354791641,0.04654257723516674,0.8688081816830009
cifar_replicated_compensated,128,fixed_latent,stage8_block1_attention_residual,0.5620885491371155,0.5473243594169617,0.1279827436019405,0.9737333383809029
cifar_replicated_compensated,128,fixed_latent,stage8_block1_ffn,0.2761175334453583,0.23771265149116516,0.14047628837988424,0.8609111074005984
cifar_replicated_compensated,128,fixed_latent,stage8_block1,0.608081579208374,0.5688937902450562,0.21476280495738573,0.9355550467186752
cifar_replicated_compensated,128,fixed_latent,stage16_upsample,0.6080816388130188,0.5688937902450562,0.21476297372252207,0.9355549550148271
cifar_replicated_compensated,128,fixed_latent,stage16_position,0.609011709690094,0.5688937902450562,0.21738242330111554,0.9341261936236784
cifar_replicated_compensated,128,fixed_latent,stage16_block0_attention,0.10293470323085785,0.03864111006259918,0.09540659171333432,0.3753943893531848
cifar_replicated_compensated,128,fixed_latent,stage16_block0_attention_residual,0.6167552471160889,0.5674626231193542,0.24160547636121488,0.920077495526428
cifar_replicated_compensated,128,fixed_latent,stage16_block0_ffn,0.21056753396987915,0.17804063856601715,0.1124287213356136,0.8455274904415472
cifar_replicated_compensated,128,fixed_latent,stage16_block0,0.6324474811553955,0.5671164393424988,0.2799442098834878,0.8967012380323726
cifar_replicated_compensated,128,fixed_latent,stage16_block1_attention,0.14734241366386414,0.038655638694763184,0.14218132247729723,0.26235241933086045
cifar_replicated_compensated,128,fixed_latent,stage16_block1_attention_residual,0.6470898389816284,0.566869854927063,0.31206381925535737,0.876029603276087
cifar_replicated_compensated,128,fixed_latent,stage16_block1_ffn,0.221512570977211,0.16537851095199585,0.14736949214893336,0.7465874745727629
cifar_replicated_compensated,128,fixed_latent,stage16_block1,0.6835839152336121,0.5750502347946167,0.36960004955190456,0.8412284461053996
cifar_replicated_compensated,128,fixed_latent,stage32_upsample,0.6835839152336121,0.5750502347946167,0.36960004955190456,0.8412284461053996
cifar_replicated_compensated,128,fixed_latent,stage32_position,0.6846331357955933,0.5750502347946167,0.3715370211593502,0.8399392385914344
cifar_replicated_compensated,128,fixed_latent,stage32_block0_attention,0.2685354948043823,0.03443986177444458,0.26631787001775076,0.12825068730497874
cifar_replicated_compensated,128,fixed_latent,stage32_block0_attention_residual,0.7471693754196167,0.5708695650100708,0.4820477313608608,0.7640430453797248
cifar_replicated_compensated,128,fixed_latent,stage32_block0_ffn,0.2071634978055954,0.140252485871315,0.1524662422635434,0.6770135055497545
cifar_replicated_compensated,128,fixed_latent,stage32_block0,0.7373420596122742,0.5733664035797119,0.4635992667372732,0.7776125016945492
cifar_replicated_compensated,128,fixed_latent,stage32_block1_attention,0.34322690963745117,0.026757655665278435,0.34218231889239026,0.07795908454130945
cifar_replicated_compensated,128,fixed_latent,stage32_block1_attention_residual,0.8320449590682983,0.573062002658844,0.6032402133641303,0.6887392278664166
cifar_replicated_compensated,128,fixed_latent,stage32_block1_ffn,0.2076479196548462,0.13237084448337555,0.15998630587567006,0.6374773448412259
cifar_replicated_compensated,128,fixed_latent,stage32_block1,0.8656216263771057,0.5890426635742188,0.6342945219226912,0.6804851515084536
cifar_replicated_compensated,128,fixed_latent,output_projection,0.4263080060482025,0.4010137915611267,0.14465979053822625,0.940666808673033
cifar_replicated_compensated,128,evolving_prior,input_projection,0.567308247089386,0.5584110021591187,0.10007896823649116,0.9843167361378664
cifar_replicated_compensated,128,evolving_prior,stage8_position,0.5677497982978821,0.5584109425544739,0.10255268257198279,0.9835511068935539
cifar_replicated_compensated,128,evolving_prior,stage8_block0_attention,0.06198803707957268,0.0502835288643837,0.03625028918399367,0.8111811767782845
cifar_replicated_compensated,128,evolving_prior,stage8_block0_attention_residual,0.5702378749847412,0.5598443150520325,0.10837701311179394,0.9817732907815236
cifar_replicated_compensated,128,evolving_prior,stage8_block0_ffn,0.23698797821998596,0.2232227921485901,0.07959200265217535,0.9419160998174421
cifar_replicated_compensated,128,evolving_prior,stage8_block0,0.5530480146408081,0.5403009653091431,0.11805495916795565,0.9769512791037792
cifar_replicated_compensated,128,evolving_prior,stage8_block1_attention,0.095168836414814,0.0828520879149437,0.04682562282216935,0.8705800242614601
cifar_replicated_compensated,128,evolving_prior,stage8_block1_attention_residual,0.5581276416778564,0.5433630347251892,0.12752676934321885,0.9735461821810482
cifar_replicated_compensated,128,evolving_prior,stage8_block1_ffn,0.2763391137123108,0.23797607421875,0.1404659882916054,0.8611740517721298
cifar_replicated_compensated,128,evolving_prior,stage8_block1,0.6050956845283508,0.5657638907432556,0.2145973144423923,0.9349990509091916
cifar_replicated_compensated,128,evolving_prior,stage16_upsample,0.6050956845283508,0.5657638907432556,0.2145973144423923,0.9349990509091916
cifar_replicated_compensated,128,evolving_prior,stage16_position,0.6060338020324707,0.5657638907432556,0.21722842617158883,0.9335517075876612
cifar_replicated_compensated,128,evolving_prior,stage16_block0_attention,0.10322336107492447,0.03895285725593567,0.09559151208764789,0.37736474428169237
cifar_replicated_compensated,128,evolving_prior,stage16_block0_attention_residual,0.6138662695884705,0.5643395185470581,0.24156304507217025,0.9193199667500633
cifar_replicated_compensated,128,evolving_prior,stage16_block0_ffn,0.21050113439559937,0.1778038591146469,0.11267881462712047,0.8446693630662163
cifar_replicated_compensated,128,evolving_prior,stage16_block0,0.6298050284385681,0.5641717910766602,0.2799367142763859,0.8957880067667483
cifar_replicated_compensated,128,evolving_prior,stage16_block1_attention,0.14787861704826355,0.038931094110012054,0.14266203170957706,0.2632638503598259
cifar_replicated_compensated,128,evolving_prior,stage16_block1_attention_residual,0.6446541547775269,0.5639421343803406,0.31232714954430946,0.8747979520506769
cifar_replicated_compensated,128,evolving_prior,stage16_block1_ffn,0.22164279222488403,0.16515657305717468,0.1478135099415924,0.7451475024263496
cifar_replicated_compensated,128,evolving_prior,stage16_block1,0.6815170645713806,0.5723334550857544,0.36999989931295135,0.8397932859475883
cifar_replicated_compensated,128,evolving_prior,stage32_upsample,0.6815170645713806,0.5723334550857544,0.36999989931295135,0.8397932859475883
cifar_replicated_compensated,128,evolving_prior,stage32_position,0.6825687885284424,0.5723334550857544,0.37193355221435487,0.8384993054248121
cifar_replicated_compensated,128,evolving_prior,stage32_block0_attention,0.269369900226593,0.03452618047595024,0.26714806008995606,0.1281738622129159
cifar_replicated_compensated,128,evolving_prior,stage32_block0_attention_residual,0.7457121014595032,0.5681883096694946,0.4829581586618771,0.7619405780829357
cifar_replicated_compensated,128,evolving_prior,stage32_block0_ffn,0.20720401406288147,0.13985168933868408,0.15288887609269347,0.6749468149600732
cifar_replicated_compensated,128,evolving_prior,stage32_block0,0.73581862449646,0.5707062482833862,0.46446036033892524,0.7756072342881176
cifar_replicated_compensated,128,evolving_prior,stage32_block1_attention,0.34428176283836365,0.02725016511976719,0.34320163275257987,0.07915076562612128
cifar_replicated_compensated,128,evolving_prior,stage32_block1_attention_residual,0.831215500831604,0.5704291462898254,0.6045906035374642,0.6862590335708726
cifar_replicated_compensated,128,evolving_prior,stage32_block1_ffn,0.20770029723644257,0.13190340995788574,0.16043972049834954,0.6350660625570944
cifar_replicated_compensated,128,evolving_prior,stage32_block1,0.8648957014083862,0.5863361954689026,0.6358100661343427,0.6779270546889289
cifar_replicated_compensated,128,evolving_prior,output_projection,0.426291286945343,0.4007812440395355,0.14525376329596093,0.9401581883397062
cifar_replicated_compensated,256,fixed_latent,input_projection,0.5674644708633423,0.5584475994110107,0.1007581480789138,0.9841102449310822
cifar_replicated_compensated,256,fixed_latent,stage8_position,0.5679652690887451,0.5584475994110107,0.10354141974654357,0.983242514647058
cifar_replicated_compensated,256,fixed_latent,stage8_block0_attention,0.07351130992174149,0.06419464945793152,0.03581842636665688,0.8732622167428621
cifar_replicated_compensated,256,fixed_latent,stage8_block0_attention_residual,0.5720394253730774,0.5615149736404419,0.10922471587847882,0.9816018769584429
cifar_replicated_compensated,256,fixed_latent,stage8_block0_ffn,0.29422613978385925,0.27980872988700867,0.09097305101583714,0.9509988816512301
cifar_replicated_compensated,256,fixed_latent,stage8_block0,0.5566259622573853,0.5424853563308716,0.12466795909746563,0.9745958563104625
cifar_replicated_compensated,256,fixed_latent,stage8_block1_attention,0.12591874599456787,0.11706440150737762,0.04638379558168979,0.9296820785717465
cifar_replicated_compensated,256,fixed_latent,stage8_block1_attention_residual,0.5751134157180786,0.5593952536582947,0.13353797633440334,0.9726694567885216
cifar_replicated_compensated,256,fixed_latent,stage8_block1_ffn,0.41884925961494446,0.37054893374443054,0.19526441043071,0.8846832726529892
cifar_replicated_compensated,256,fixed_latent,stage8_block1,0.7511758208274841,0.7011852264404297,0.2694520217358331,0.933450208325415
cifar_replicated_compensated,256,fixed_latent,stage16_upsample,0.7511758208274841,0.7011852264404297,0.2694520217358331,0.933450208325415
cifar_replicated_compensated,256,fixed_latent,stage16_position,0.7523214817047119,0.7011852264404297,0.2726295839707359,0.9320287184297719
cifar_replicated_compensated,256,fixed_latent,stage16_block0_attention,0.1452820748090744,0.09464090317487717,0.11022695091071429,0.6514286315035875
cifar_replicated_compensated,256,fixed_latent,stage16_block0_attention_residual,0.7666184902191162,0.7005971670150757,0.31123547213691327,0.9138798189107463
cifar_replicated_compensated,256,fixed_latent,stage16_block0_ffn,0.2112828940153122,0.17184706032276154,0.12291887227724961,0.8133505607430167
cifar_replicated_compensated,256,fixed_latent,stage16_block0,0.8004659414291382,0.7162488698959351,0.35739792915017343,0.8947899377419564
cifar_replicated_compensated,256,fixed_latent,stage16_block1_attention,0.19938819110393524,0.11720270663499832,0.16130460721606782,0.587811675235591
cifar_replicated_compensated,256,fixed_latent,stage16_block1_attention_residual,0.8403024673461914,0.7357712388038635,0.4058927454108106,0.875602854205041
cifar_replicated_compensated,256,fixed_latent,stage16_block1_ffn,0.22360095381736755,0.15990306437015533,0.15629586223912167,0.7151269332274884
cifar_replicated_compensated,256,fixed_latent,stage16_block1,0.9024809002876282,0.765901505947113,0.47735380858636944,0.848662288257861
cifar_replicated_compensated,256,fixed_latent,stage32_upsample,0.9024809002876282,0.765901505947113,0.47735380858636944,0.848662288257861
cifar_replicated_compensated,256,fixed_latent,stage32_position,0.9036213755607605,0.765901505947113,0.47950648958931236,0.8475911777450122
cifar_replicated_compensated,256,fixed_latent,stage32_block0_attention,0.3040628135204315,0.10513095557689667,0.28530979083348906,0.3457540708766493
cifar_replicated_compensated,256,fixed_latent,stage32_block0_attention_residual,0.9707968831062317,0.76276695728302,0.600527399146765,0.7857122025798187
cifar_replicated_compensated,256,fixed_latent,stage32_block0_ffn,0.21901936829090118,0.16194643080234528,0.1474545259967513,0.739416025468799
cifar_replicated_compensated,256,fixed_latent,stage32_block0,0.9593440890312195,0.7542898058891296,0.5927798663001971,0.786255749645405
cifar_replicated_compensated,256,fixed_latent,stage32_block1_attention,0.38394808769226074,0.09425728768110275,0.3721984655550662,0.2454948747046532
cifar_replicated_compensated,256,fixed_latent,stage32_block1_attention_residual,1.0842368602752686,0.7756776213645935,0.757557784524546,0.715413439428413
cifar_replicated_compensated,256,fixed_latent,stage32_block1_ffn,0.21366499364376068,0.13676582276821136,0.16415797035575974,0.6400946661212938
cifar_replicated_compensated,256,fixed_latent,stage32_block1,1.0941678285598755,0.7609628438949585,0.7862180278184482,0.6954717768448049
cifar_replicated_compensated,256,fixed_latent,output_projection,0.9936468601226807,0.9566076397895813,0.2687673829315395,0.9627239597692421
cifar_replicated_compensated,256,evolving_prior,input_projection,0.5620201826095581,0.5530804991722107,0.0998431124109184,0.9840936611994272
cifar_replicated_compensated,256,evolving_prior,stage8_position,0.5625237822532654,0.5530804991722107,0.10263998750943694,0.9832126509509903
cifar_replicated_compensated,256,evolving_prior,stage8_block0_attention,0.07382237911224365,0.06454188376665115,0.035834186158526335,0.8742861520152051
cifar_replicated_compensated,256,evolving_prior,stage8_block0_attention_residual,0.5666939616203308,0.5562345385551453,0.10837520129295994,0.9815430836155741
cifar_replicated_compensated,256,evolving_prior,stage8_block0_ffn,0.29494914412498474,0.28048089146614075,0.0912439978432554,0.9509466192832448
cifar_replicated_compensated,256,evolving_prior,stage8_block0,0.5529482960700989,0.5388308167457581,0.1241497847437724,0.9744687171934949
cifar_replicated_compensated,256,evolving_prior,stage8_block1_attention,0.12882554531097412,0.12005714327096939,0.04671513110635327,0.9319358437890674
cifar_replicated_compensated,256,evolving_prior,stage8_block1_attention_residual,0.5724366307258606,0.5567319989204407,0.13316597754241033,0.9725652920123121
cifar_replicated_compensated,256,evolving_prior,stage8_block1_ffn,0.4215286374092102,0.3737793266773224,0.19487279724146447,0.8867234477226421
cifar_replicated_compensated,256,evolving_prior,stage8_block1,0.7526993155479431,0.7030369639396667,0.2688778290615233,0.9340209953929297
cifar_replicated_compensated,256,evolving_prior,stage16_upsample,0.7526993155479431,0.7030369639396667,0.2688778290615233,0.9340209953929297
cifar_replicated_compensated,256,evolving_prior,stage16_position,0.7538461685180664,0.7030369639396667,0.2720718161145411,0.9326000360547273
cifar_replicated_compensated,256,evolving_prior,stage16_block0_attention,0.1462511420249939,0.09652333706617355,0.10987557483455904,0.6599834758875113
cifar_replicated_compensated,256,evolving_prior,stage16_block0_attention_residual,0.7680814862251282,0.7025194764137268,0.3105085421388354,0.9146418563821692
cifar_replicated_compensated,256,evolving_prior,stage16_block0_ffn,0.21097871661186218,0.17166733741760254,0.12264723448630813,0.8136713511885616
cifar_replicated_compensated,256,evolving_prior,stage16_block0,0.8023915886878967,0.7188782095909119,0.35643566231853374,0.8959194235403821
cifar_replicated_compensated,256,evolving_prior,stage16_block1_attention,0.20058804750442505,0.119749516248703,0.16092115510348257,0.596992282135162
cifar_replicated_compensated,256,evolving_prior,stage16_block1_attention_residual,0.8427084684371948,0.7393102645874023,0.4044476424105693,0.8773025219011449
cifar_replicated_compensated,256,evolving_prior,stage16_block1_ffn,0.22327688336372375,0.15998488664627075,0.15574788181351873,0.7165313499367119
cifar_replicated_compensated,256,evolving_prior,stage16_block1,0.9051792025566101,0.7701543569564819,0.47561713089623714,0.8508308131486443
cifar_replicated_compensated,256,evolving_prior,stage32_upsample,0.9051792025566101,0.7701542973518372,0.47561722741246304,0.8508307473001973
cifar_replicated_compensated,256,evolving_prior,stage32_position,0.906312108039856,0.7701543569564819,0.47776971821223174,0.849767260223576
cifar_replicated_compensated,256,evolving_prior,stage32_block0_attention,0.3043535053730011,0.10732118785381317,0.28480382523849634,0.35262018001825035
cifar_replicated_compensated,256,evolving_prior,stage32_block0_attention_residual,0.9728653430938721,0.7669974565505981,0.5984829800738453,0.7883901528565298
cifar_replicated_compensated,256,evolving_prior,stage32_block0_ffn,0.2191614955663681,0.1625928282737732,0.14695350738523558,0.7418859223130991
cifar_replicated_compensated,256,evolving_prior,stage32_block0,0.9615611433982849,0.758345365524292,0.5911955167973155,0.7886605763250776
cifar_replicated_compensated,256,evolving_prior,stage32_block1_attention,0.3835239112377167,0.09608874469995499,0.37129172308720115,0.2505417312570038
cifar_replicated_compensated,256,evolving_prior,stage32_block1_attention_residual,1.0865341424942017,0.7806371450424194,0.755752664954369,0.7184653611072193
cifar_replicated_compensated,256,evolving_prior,stage32_block1_ffn,0.2136276364326477,0.1372351348400116,0.16371708772526875,0.6424034695683156
cifar_replicated_compensated,256,evolving_prior,stage32_block1,1.095745325088501,0.7653107047080994,0.7841921593031245,0.6984384849155408
cifar_replicated_compensated,256,evolving_prior,output_projection,1.005145788192749,0.9683395624160767,0.26951168320030927,0.963382201657682
cifar_replicated_compensated,512,fixed_latent,input_projection,0.5634474158287048,0.5544060468673706,0.10053320645906151,0.9839534822463665
cifar_replicated_compensated,512,fixed_latent,stage8_position,0.5640628337860107,0.5544060468673706,0.10392697270487411,0.9828799446795254
cifar_replicated_compensated,512,fixed_latent,stage8_block0_attention,0.07607080042362213,0.06726137548685074,0.0355341250730537,0.8841943966973717
cifar_replicated_compensated,512,fixed_latent,stage8_block0_attention_residual,0.5673185586929321,0.556710422039032,0.10919639660056905,0.9813012698221248
cifar_replicated_compensated,512,fixed_latent,stage8_block0_ffn,0.3292705714702606,0.30707910656929016,0.11883405044413214,0.9326041656201433
cifar_replicated_compensated,512,fixed_latent,stage8_block0,0.5228748917579651,0.5041944980621338,0.138513755832324,0.9642736838385456
cifar_replicated_compensated,512,fixed_latent,stage8_block1_attention,0.1774022877216339,0.14076155424118042,0.10797109120721438,0.7934596337452687
cifar_replicated_compensated,512,fixed_latent,stage8_block1_attention_residual,0.5545287132263184,0.5187782049179077,0.19588585424830907,0.9355299239593751
cifar_replicated_compensated,512,fixed_latent,stage8_block1_ffn,0.39828795194625854,0.3430710732936859,0.20232531066246642,0.8613644264589175
cifar_replicated_compensated,512,fixed_latent,stage8_block1,0.6719721555709839,0.5990811586380005,0.3043819035811187,0.8915267599577145
cifar_replicated_compensated,512,fixed_latent,stage16_upsample,0.6719721555709839,0.5990811586380005,0.3043819035811187,0.8915267599577145
cifar_replicated_compensated,512,fixed_latent,stage16_position,0.673704206943512,0.5990810990333557,0.30818694851400347,0.8892346119542442
cifar_replicated_compensated,512,fixed_latent,stage16_block0_attention,0.13837899267673492,0.05428965389728546,0.127284638090937,0.3923258353535692
cifar_replicated_compensated,512,fixed_latent,stage16_block0_attention_residual,0.6941708326339722,0.5953332185745239,0.3570035066234509,0.8576177369993819
cifar_replicated_compensated,512,fixed_latent,stage16_block0_ffn,0.23577387630939484,0.18231815099716187,0.1494971991942789,0.7732754529510064
cifar_replicated_compensated,512,fixed_latent,stage16_block0,0.6779309511184692,0.5518301725387573,0.39379415328346057,0.8139917076043403
cifar_replicated_compensated,512,fixed_latent,stage16_block1_attention,0.195672407746315,0.0436062254011631,0.1907516402537685,0.2228532162679657
cifar_replicated_compensated,512,fixed_latent,stage16_block1_attention_residual,0.7240095734596252,0.5512460470199585,0.46938007851426566,0.7613794999779778
cifar_replicated_compensated,512,fixed_latent,stage16_block1_ffn,0.2590743899345398,0.15643547475337982,0.2065126673079369,0.6038245416419057
cifar_replicated_compensated,512,fixed_latent,stage16_block1,0.7723727226257324,0.5333960056304932,0.5586128568460643,0.6905940487089938
cifar_replicated_compensated,512,fixed_latent,stage32_upsample,0.7723727226257324,0.5333960056304932,0.5586128568460643,0.6905940487089938
cifar_replicated_compensated,512,fixed_latent,stage32_position,0.774243950843811,0.5333960056304932,0.5611972884785427,0.6889249894031082
cifar_replicated_compensated,512,fixed_latent,stage32_block0_attention,0.35962697863578796,0.037063248455524445,0.3577120061958077,0.1030602559244039
cifar_replicated_compensated,512,fixed_latent,stage32_block0_attention_residual,0.9110145568847656,0.5322175621986389,0.7393862247454194,0.5842031372347865
cifar_replicated_compensated,512,fixed_latent,stage32_block0_ffn,0.23208552598953247,0.12024800479412079,0.19850468185126277,0.5181193625988733
cifar_replicated_compensated,512,fixed_latent,stage32_block0,0.8942366242408752,0.521534264087677,0.7264028851238419,0.5832172938906541
cifar_replicated_compensated,512,fixed_latent,stage32_block1_attention,0.4527311325073242,0.026211731135845184,0.4519717065173732,0.057896904484299266
cifar_replicated_compensated,512,fixed_latent,stage32_block1_attention_residual,1.0365108251571655,0.5217312574386597,0.8956289330294456,0.5033534091258042
cifar_replicated_compensated,512,fixed_latent,stage32_block1_ffn,0.2251427173614502,0.10522150993347168,0.19904189767036026,0.4673547124535511
cifar_replicated_compensated,512,fixed_latent,stage32_block1,1.0828996896743774,0.5221481323242188,0.9487007251010158,0.4821758998575631
cifar_replicated_compensated,512,fixed_latent,output_projection,0.4267770051956177,0.38196396827697754,0.19037368279739816,0.8949965992237571
cifar_replicated_compensated,512,evolving_prior,input_projection,0.5562652945518494,0.5472155809402466,0.09993090562525778,0.9837312992555223
cifar_replicated_compensated,512,evolving_prior,stage8_position,0.5568875074386597,0.5472155809402466,0.10333829840611693,0.9826321719032665
cifar_replicated_compensated,512,evolving_prior,stage8_block0_attention,0.07667279243469238,0.0679597556591034,0.03549913675694644,0.8863607741558325
cifar_replicated_compensated,512,evolving_prior,stage8_block0_attention_residual,0.5603058338165283,0.549676775932312,0.10861891828541613,0.9810298996678004
cifar_replicated_compensated,512,evolving_prior,stage8_block0_ffn,0.32956117391586304,0.3071688413619995,0.11940632415885057,0.9320540939704861
cifar_replicated_compensated,512,evolving_prior,stage8_block0,0.5179795026779175,0.49910715222358704,0.13854535644951743,0.963565449295268
cifar_replicated_compensated,512,evolving_prior,stage8_block1_attention,0.18113338947296143,0.14435648918151855,0.10940982046027518,0.7969623358870965
cifar_replicated_compensated,512,evolving_prior,stage8_block1_attention_residual,0.5512006878852844,0.5148177146911621,0.19693887113868594,0.9339932369574722
cifar_replicated_compensated,512,evolving_prior,stage8_block1_ffn,0.40421417355537415,0.34820470213890076,0.20528658872759695,0.86143615172168
cifar_replicated_compensated,512,evolving_prior,stage8_block1,0.6736422777175903,0.5994043946266174,0.3074220064192565,0.8897962827652341
cifar_replicated_compensated,512,evolving_prior,stage16_upsample,0.6736422777175903,0.5994043946266174,0.3074220064192565,0.8897962827652341
cifar_replicated_compensated,512,evolving_prior,stage16_position,0.6753909587860107,0.5994043946266174,0.31123515050871925,0.8874924765117137
cifar_replicated_compensated,512,evolving_prior,stage16_block0_attention,0.13897524774074554,0.05503905192017555,0.12761199884152674,0.3960349257505867
cifar_replicated_compensated,512,evolving_prior,stage16_block0_attention_residual,0.6960036158561707,0.5957115292549133,0.3599288918628741,0.8559029230359879
cifar_replicated_compensated,512,evolving_prior,stage16_block0_ffn,0.23607270419597626,0.1821785718202591,0.15013756903564013,0.7717053627217451
cifar_replicated_compensated,512,evolving_prior,stage16_block0,0.6797088980674744,0.5522510409355164,0.3962612445063722,0.8124816998948492
cifar_replicated_compensated,512,evolving_prior,stage16_block1_attention,0.1965373307466507,0.04473026469349861,0.1913795333818847,0.22759169733081808
cifar_replicated_compensated,512,evolving_prior,stage16_block1_attention_residual,0.7259785532951355,0.5517405867576599,0.4718338529279253,0.7599957109660762
cifar_replicated_compensated,512,evolving_prior,stage16_block1_ffn,0.2594448924064636,0.15635357797145844,0.2070391529429266,0.6026465833310933
cifar_replicated_compensated,512,evolving_prior,stage16_block1,0.7744234800338745,0.5337184071540833,0.5611384751491248,0.6891815923901707
cifar_replicated_compensated,512,evolving_prior,stage32_upsample,0.7744234800338745,0.533718466758728,0.5611384184570589,0.6891816693566449
cifar_replicated_compensated,512,evolving_prior,stage32_position,0.7762975692749023,0.5337184071540833,0.5637220750751473,0.6875178131146292
cifar_replicated_compensated,512,evolving_prior,stage32_block0_attention,0.36024200916290283,0.037461090832948685,0.3582889502054599,0.10398867949908816
cifar_replicated_compensated,512,evolving_prior,stage32_block0_attention_residual,0.9129925966262817,0.532581627368927,0.7415607134169567,0.5833361949888082
cifar_replicated_compensated,512,evolving_prior,stage32_block0_ffn,0.23219886422157288,0.11990157514810562,0.19884648556811763,0.5163745117792266
cifar_replicated_compensated,512,evolving_prior,stage32_block0,0.8961479067802429,0.5218114852905273,0.7285559996633785,0.582282769777744
cifar_replicated_compensated,512,evolving_prior,stage32_block1_attention,0.4530582129955292,0.02663121186196804,0.4522748311784166,0.058780993475182494
cifar_replicated_compensated,512,evolving_prior,stage32_block1_attention_residual,1.0385513305664062,0.5220345258712769,0.8978133547790453,0.50265645087236
cifar_replicated_compensated,512,evolving_prior,stage32_block1_ffn,0.2254127413034439,0.10510025173425674,0.1994112359605877,0.46625692552478176
cifar_replicated_compensated,512,evolving_prior,stage32_block1,1.0848877429962158,0.5221599340438843,0.9509628900134377,0.48130319234854296
cifar_replicated_compensated,512,evolving_prior,output_projection,0.43243077397346497,0.38553667068481445,0.1958516015675105,0.8915569702457669
logos32_data,0,fixed_latent,input_projection,0.581482470035553,0.5724968910217285,0.10182913497178925,0.9845471196865573
logos32_data,0,fixed_latent,stage8_position,0.5818389058113098,0.5724968910217285,0.10384518325929883,0.9839439839854729
logos32_data,0,fixed_latent,stage8_block0_attention,0.057348139584064484,0.04325546324253082,0.037653340003609356,0.7542609674220427
logos32_data,0,fixed_latent,stage8_block0_attention_residual,0.5846015810966492,0.574080765247345,0.11040961730630566,0.9820034427044
logos32_data,0,fixed_latent,stage8_block0_ffn,0.196698859333992,0.18276435136795044,0.07271611329235031,0.9291581658723249
logos32_data,0,fixed_latent,stage8_block0,0.6163162589073181,0.6018022894859314,0.13296516597591868,0.9764504518392572
logos32_data,0,fixed_latent,stage8_block1_attention,0.0765087753534317,0.0496860146522522,0.05817983030276092,0.6494158927878277
logos32_data,0,fixed_latent,stage8_block1_attention_residual,0.6207672357559204,0.6038544774055481,0.14391570833414563,0.9727550724712826
logos32_data,0,fixed_latent,stage8_block1_ffn,0.20105509459972382,0.18194453418254852,0.08555312703577424,0.9049486388035971
logos32_data,0,fixed_latent,stage8_block1,0.651229739189148,0.6293318867683411,0.167456112163652,0.966374612363262
logos32_data,0,fixed_latent,stage16_upsample,0.651229739189148,0.6293318867683411,0.167456112163652,0.966374612363262
logos32_data,0,fixed_latent,stage16_position,0.6515889167785645,0.6293318867683411,0.16884754296483837,0.9658419143771483
logos32_data,0,fixed_latent,stage16_block0_attention,0.0800892785191536,0.029927479103207588,0.07428753952208696,0.3736764727634591
logos32_data,0,fixed_latent,stage16_block0_attention_residual,0.6564127206802368,0.6297913789749146,0.1850418299728636,0.9594442019988054
logos32_data,0,fixed_latent,stage16_block0_ffn,0.20027776062488556,0.17958858609199524,0.08865168439684028,0.896697594039707
logos32_data,0,fixed_latent,stage16_block0,0.687631368637085,0.6552646160125732,0.20848304999593031,0.9529300812895374
logos32_data,0,fixed_latent,stage16_block1_attention,0.10632843524217606,0.032582469284534454,0.10121323449219473,0.3064323217991865
logos32_data,0,fixed_latent,stage16_block1_attention_residual,0.6913731098175049,0.6557738184928894,0.21899195409416897,0.9485092914099418
logos32_data,0,fixed_latent,stage16_block1_ffn,0.19780749082565308,0.17400744557380676,0.09407025200146699,0.8796807686478183
logos32_data,0,fixed_latent,stage16_block1,0.72206711769104,0.6827314496040344,0.23507167028848897,0.9455235294292453
logos32_data,0,fixed_latent,stage32_upsample,0.72206711769104,0.6827314496040344,0.23507167028848897,0.9455235294292453
logos32_data,0,fixed_latent,stage32_position,0.7224429249763489,0.6827315092086792,0.23622333962168438,0.9450317604411868
logos32_data,0,fixed_latent,stage32_block0_attention,0.1563134789466858,0.03243407607078552,0.15291152477773048,0.20749378933500603
logos32_data,0,fixed_latent,stage32_block0_attention_residual,0.7325507402420044,0.6813153028488159,0.26914688393725616,0.9300588552046751
logos32_data,0,fixed_latent,stage32_block0_ffn,0.21923188865184784,0.1719214916229248,0.13603536937136904,0.7841992908976189
logos32_data,0,fixed_latent,stage32_block0,0.7551054358482361,0.7019330263137817,0.2783419584208072,0.9295828012749981
logos32_data,0,fixed_latent,stage32_block1_attention,0.15481984615325928,0.029146937653422356,0.15205144125705083,0.1882635745844187
logos32_data,0,fixed_latent,stage32_block1_attention_residual,0.7722408175468445,0.7026289701461792,0.32041911709000503,0.9098573322997879
logos32_data,0,fixed_latent,stage32_block1_ffn,0.19302934408187866,0.1672956943511963,0.09629370866381362,0.8666852967196182
logos32_data,0,fixed_latent,stage32_block1,0.8064607977867126,0.7347767353057861,0.33238857925649573,0.9111127748829708
logos32_data,0,fixed_latent,output_projection,1.0635793209075928,0.9125813245773315,0.5462566227469826,0.8580284579043819
logos32_data,0,evolving_prior,input_projection,0.581482470035553,0.5724968910217285,0.10182913497178925,0.9845471196865573
logos32_data,0,evolving_prior,stage8_position,0.5818389058113098,0.5724968910217285,0.10384518325929883,0.9839439839854729
logos32_data,0,evolving_prior,stage8_block0_attention,0.057348139584064484,0.04325546324253082,0.037653340003609356,0.7542609674220427
logos32_data,0,evolving_prior,stage8_block0_attention_residual,0.5846015810966492,0.574080765247345,0.11040961730630566,0.9820034427044
logos32_data,0,evolving_prior,stage8_block0_ffn,0.196698859333992,0.18276435136795044,0.07271611329235031,0.9291581658723249
logos32_data,0,evolving_prior,stage8_block0,0.6163162589073181,0.6018022894859314,0.13296516597591868,0.9764504518392572
logos32_data,0,evolving_prior,stage8_block1_attention,0.0765087753534317,0.0496860146522522,0.05817983030276092,0.6494158927878277
logos32_data,0,evolving_prior,stage8_block1_attention_residual,0.6207672357559204,0.6038544774055481,0.14391570833414563,0.9727550724712826
logos32_data,0,evolving_prior,stage8_block1_ffn,0.20105509459972382,0.18194453418254852,0.08555312703577424,0.9049486388035971
logos32_data,0,evolving_prior,stage8_block1,0.651229739189148,0.6293318867683411,0.167456112163652,0.966374612363262
logos32_data,0,evolving_prior,stage16_upsample,0.651229739189148,0.6293318867683411,0.167456112163652,0.966374612363262
logos32_data,0,evolving_prior,stage16_position,0.6515889167785645,0.6293318867683411,0.16884754296483837,0.9658419143771483
logos32_data,0,evolving_prior,stage16_block0_attention,0.0800892785191536,0.029927479103207588,0.07428753952208696,0.3736764727634591
logos32_data,0,evolving_prior,stage16_block0_attention_residual,0.6564127206802368,0.6297913789749146,0.1850418299728636,0.9594442019988054
logos32_data,0,evolving_prior,stage16_block0_ffn,0.20027776062488556,0.17958858609199524,0.08865168439684028,0.896697594039707
logos32_data,0,evolving_prior,stage16_block0,0.687631368637085,0.6552646160125732,0.20848304999593031,0.9529300812895374
logos32_data,0,evolving_prior,stage16_block1_attention,0.10632843524217606,0.032582469284534454,0.10121323449219473,0.3064323217991865
logos32_data,0,evolving_prior,stage16_block1_attention_residual,0.6913731098175049,0.6557738184928894,0.21899195409416897,0.9485092914099418
logos32_data,0,evolving_prior,stage16_block1_ffn,0.19780749082565308,0.17400744557380676,0.09407025200146699,0.8796807686478183
logos32_data,0,evolving_prior,stage16_block1,0.72206711769104,0.6827314496040344,0.23507167028848897,0.9455235294292453
logos32_data,0,evolving_prior,stage32_upsample,0.72206711769104,0.6827314496040344,0.23507167028848897,0.9455235294292453
logos32_data,0,evolving_prior,stage32_position,0.7224429249763489,0.6827315092086792,0.23622333962168438,0.9450317604411868
logos32_data,0,evolving_prior,stage32_block0_attention,0.1563134789466858,0.03243407607078552,0.15291152477773048,0.20749378933500603
logos32_data,0,evolving_prior,stage32_block0_attention_residual,0.7325507402420044,0.6813153028488159,0.26914688393725616,0.9300588552046751
logos32_data,0,evolving_prior,stage32_block0_ffn,0.21923188865184784,0.1719214916229248,0.13603536937136904,0.7841992908976189
logos32_data,0,evolving_prior,stage32_block0,0.7551054358482361,0.7019330263137817,0.2783419584208072,0.9295828012749981
logos32_data,0,evolving_prior,stage32_block1_attention,0.15481984615325928,0.029146937653422356,0.15205144125705083,0.1882635745844187
logos32_data,0,evolving_prior,stage32_block1_attention_residual,0.7722408175468445,0.7026289701461792,0.32041911709000503,0.9098573322997879
logos32_data,0,evolving_prior,stage32_block1_ffn,0.19302934408187866,0.1672956943511963,0.09629370866381362,0.8666852967196182
logos32_data,0,evolving_prior,stage32_block1,0.8064607977867126,0.7347767353057861,0.33238857925649573,0.9111127748829708
logos32_data,0,evolving_prior,output_projection,1.0635793209075928,0.9125813245773315,0.5462566227469826,0.8580284579043819
logos32_data,1,fixed_latent,input_projection,0.5814968943595886,0.572511613368988,0.101828732229587,0.9845480155134857
logos32_data,1,fixed_latent,stage8_position,0.581852912902832,0.572511613368988,0.1038425000235886,0.9839455997784031
logos32_data,1,fixed_latent,stage8_block0_attention,0.057367391884326935,0.043305717408657074,0.03762489191122648,0.7548838457912955
logos32_data,1,fixed_latent,stage8_block0_attention_residual,0.5846208333969116,0.5741029977798462,0.11039595455402074,0.9820091330718543
logos32_data,1,fixed_latent,stage8_block0_ffn,0.1981494277715683,0.18288442492485046,0.07626586947060066,0.9229621653799792
logos32_data,1,fixed_latent,stage8_block0,0.6168710589408875,0.6019280552864075,0.1349537684467367,0.9757761311089294
logos32_data,1,fixed_latent,stage8_block1_attention,0.07876140624284744,0.04979469254612923,0.06102333740125421,0.632221984363709
logos32_data,1,fixed_latent,stage8_block1_attention_residual,0.6222870349884033,0.604009211063385,0.1497131486050758,0.9706279853229484
logos32_data,1,fixed_latent,stage8_block1_ffn,0.2028340995311737,0.1816556304693222,0.09023803993557894,0.8955872355249785
logos32_data,1,fixed_latent,stage8_block1,0.6545125246047974,0.6294373273849487,0.17943047611550927,0.9616887434889205
logos32_data,1,fixed_latent,stage16_upsample,0.6545125246047974,0.6294373273849487,0.17943047611550927,0.9616887434889205
logos32_data,1,fixed_latent,stage16_position,0.6548483967781067,0.6294373273849487,0.18065180225325603,0.9611954927000174
logos32_data,1,fixed_latent,stage16_block0_attention,0.0867377445101738,0.030060021206736565,0.08136234662153453,0.3465621728636339
logos32_data,1,fixed_latent,stage16_block0_attention_residual,0.6611191034317017,0.6299319267272949,0.20065950416557643,0.952826689559382
logos32_data,1,fixed_latent,stage16_block0_ffn,0.199593186378479,0.17861557006835938,0.08907254446724455,0.8948981340959166
logos32_data,1,fixed_latent,stage16_block0,0.6920240521430969,0.6554161906242371,0.22209661368910036,0.9471003046707832
logos32_data,1,fixed_latent,stage16_block1_attention,0.1174638494849205,0.03263414278626442,0.1128395704547911,0.2778228614962414
logos32_data,1,fixed_latent,stage16_block1_attention_residual,0.7000206708908081,0.6559640169143677,0.24441797844672603,0.9370637813875177
logos32_data,1,fixed_latent,stage16_block1_ffn,0.20060718059539795,0.1743285357952118,0.09926128406348654,0.8690044657315272
logos32_data,1,fixed_latent,stage16_block1,0.7332887053489685,0.6829457879066467,0.26701568525638314,0.9313463891164615
logos32_data,1,fixed_latent,stage32_upsample,0.7332886457443237,0.6829457879066467,0.2670155215677804,0.9313464648200348
logos32_data,1,fixed_latent,stage32_position,0.7336121797561646,0.6829457879066467,0.267902745538676,0.9309357270126593
logos32_data,1,fixed_latent,stage32_block0_attention,0.1553705334663391,0.03186550363898277,0.15206772289821657,0.20509361027511955
logos32_data,1,fixed_latent,stage32_block0_attention_residual,0.7462607622146606,0.6816020011901855,0.3038483786277962,0.9133563436558171
logos32_data,1,fixed_latent,stage32_block0_ffn,0.2160986065864563,0.1675722599029541,0.13644832530897846,0.775443500307403
logos32_data,1,fixed_latent,stage32_block0,0.7656450867652893,0.7017006278038025,0.30631458964204894,0.9164828977984558
logos32_data,1,fixed_latent,stage32_block1_attention,0.18150725960731506,0.028484977781772614,0.17925816949564444,0.15693574925542328
logos32_data,1,fixed_latent,stage32_block1_attention_residual,0.791500449180603,0.7027599811553955,0.36414471016282046,0.887883237315815
logos32_data,1,fixed_latent,stage32_block1_ffn,0.19047650694847107,0.1593383103609085,0.10436763171894696,0.8365247395260862
logos32_data,1,fixed_latent,stage32_block1,0.8276216387748718,0.7322906851768494,0.38562667098065834,0.8848133626144178
logos32_data,1,fixed_latent,output_projection,1.0628337860107422,0.9144824147224426,0.5416064713879798,0.8604190295407111
logos32_data,1,evolving_prior,input_projection,0.5814996361732483,0.5725150108337402,0.10182528782017969,0.9845492158883634
logos32_data,1,evolving_prior,stage8_position,0.5818557143211365,0.5725150108337402,0.10383946580275866,0.9839467014631037
logos32_data,1,evolving_prior,stage8_block0_attention,0.057368092238903046,0.04330610856413841,0.037625509540235406,0.7548814484503849
logos32_data,1,evolving_prior,stage8_block0_attention_residual,0.5846236348152161,0.5741065740585327,0.11039219178605707,0.9820105446814384
logos32_data,1,evolving_prior,stage8_block0_ffn,0.1981496661901474,0.18288470804691315,0.07626580999282828,0.9229624836784445
logos32_data,1,evolving_prior,stage8_block0,0.6168731451034546,0.6019312739372253,0.1349489481475744,0.9757780488827676
logos32_data,1,evolving_prior,stage8_block1_attention,0.07876183092594147,0.04979553818702698,0.061023195487215576,0.6322293121124742
logos32_data,1,evolving_prior,stage8_block1_attention_residual,0.6222894787788391,0.6040127873420715,0.14970887791343812,0.9706299205433568
logos32_data,1,evolving_prior,stage8_block1_ffn,0.20283468067646027,0.18165645003318787,0.09023769637164683,0.8955887101128747
logos32_data,1,evolving_prior,stage8_block1,0.6545138359069824,0.629440426826477,0.17942438649797496,0.9616915522560952
logos32_data,1,evolving_prior,stage16_upsample,0.6545138359069824,0.629440426826477,0.17942438649797496,0.9616915522560952
logos32_data,1,evolving_prior,stage16_position,0.6548497676849365,0.629440426826477,0.1806459723146844,0.9611982135256945
logos32_data,1,evolving_prior,stage16_block0_attention,0.08673480153083801,0.030057772994041443,0.08136003981828262,0.34654801145022035
logos32_data,1,evolving_prior,stage16_block0_attention_residual,0.6611201763153076,0.6299349069595337,0.2006536830588142,0.9528296511390982
logos32_data,1,evolving_prior,stage16_block0_ffn,0.19959163665771484,0.17861491441726685,0.08907038661315948,0.8949017975316192
logos32_data,1,evolving_prior,stage16_block0,0.6920244097709656,0.6554186940193176,0.2220903402871574,0.9471034327188501
logos32_data,1,evolving_prior,stage16_block1_attention,0.11745982617139816,0.03263124078512192,0.1128362215294294,0.2778076713437852
logos32_data,1,evolving_prior,stage16_block1_attention_residual,0.7000211477279663,0.6559665203094482,0.24441262549118337,0.9370667192534046
logos32_data,1,evolving_prior,stage16_block1_ffn,0.20060870051383972,0.17433056235313416,0.09926079664949018,0.8690079837345207
logos32_data,1,evolving_prior,stage16_block1,0.7332898378372192,0.6829487681388855,0.26701117274922054,0.9313490149450171
logos32_data,1,evolving_prior,stage32_upsample,0.7332898378372192,0.6829487681388855,0.26701117274922054,0.9313490149450171
logos32_data,1,evolving_prior,stage32_position,0.7336133122444153,0.6829487681388855,0.2678982493406793,0.9309383523173445
logos32_data,1,evolving_prior,stage32_block0_attention,0.15536876022815704,0.03186308220028877,0.15206641853983474,0.20508036592104
logos32_data,1,evolving_prior,stage32_block0_attention_residual,0.7462612390518188,0.68160480260849,0.3038432654711921,0.9133595139880509
logos32_data,1,evolving_prior,stage32_block0_ffn,0.2160976678133011,0.16757197678089142,0.13644718623735783,0.7754455588371563
logos32_data,1,evolving_prior,stage32_block0,0.7656462788581848,0.7017031311988831,0.3063118345658039,0.9164847405062024
logos32_data,1,evolving_prior,stage32_block1_attention,0.18150556087493896,0.028481462970376015,0.17925700793997784,0.15691785327723554
logos32_data,1,evolving_prior,stage32_block1_attention_residual,0.7915011048316956,0.7027624845504761,0.3641413039717365,0.8878856646699327
logos32_data,1,evolving_prior,stage32_block1_ffn,0.19047677516937256,0.15933971107006073,0.10436598274837097,0.8365309152697243
logos32_data,1,evolving_prior,stage32_block1,0.827621579170227,0.7322933673858643,0.38562144959907513,0.8848166672020094
logos32_data,1,evolving_prior,output_projection,1.0628342628479004,0.9144790172576904,0.5416131435617572,0.860415446908263
logos32_data,8,fixed_latent,input_projection,0.5816746950149536,0.5726900696754456,0.10184073308785938,0.9845538659039017
logos32_data,8,fixed_latent,stage8_position,0.5820345878601074,0.5726900696754456,0.10387658812561384,0.9839450809632849
logos32_data,8,fixed_latent,stage8_block0_attention,0.05761629715561867,0.04381663352251053,0.03741310364937074,0.7604902724686393
logos32_data,8,fixed_latent,stage8_block0_attention_residual,0.5848649144172668,0.5743643641471863,0.11032925864935043,0.9820461956064798
logos32_data,8,fixed_latent,stage8_block0_ffn,0.20784743130207062,0.18451528251171112,0.09568001472874257,0.8877438674887917
logos32_data,8,fixed_latent,stage8_block0,0.6210299730300903,0.6035830974578857,0.14617001014195466,0.9719065482667787
logos32_data,8,fixed_latent,stage8_block1_attention,0.08846820890903473,0.05019525811076164,0.07284957138354782,0.5673818734408164
logos32_data,8,fixed_latent,stage8_block1_attention_residual,0.6290407776832581,0.6057502627372742,0.16958454877164192,0.9629745546357705
logos32_data,8,fixed_latent,stage8_block1_ffn,0.21563610434532166,0.18241259455680847,0.11499815148201234,0.8459278890732104
logos32_data,8,fixed_latent,stage8_block1,0.6747121810913086,0.6334290504455566,0.23238796303731238,0.9388137167184697
logos32_data,8,fixed_latent,stage16_upsample,0.6747121810913086,0.6334290504455566,0.23238796303731238,0.9388137167184697
logos32_data,8,fixed_latent,stage16_position,0.6750905513763428,0.6334290504455566,0.23348424060149106,0.9382875366188305
logos32_data,8,fixed_latent,stage16_block0_attention,0.09919200092554092,0.030561139807105064,0.09436667728230708,0.30810085008816357
logos32_data,8,fixed_latent,stage16_block0_attention_residual,0.6847745180130005,0.6340469717979431,0.25865146060634464,0.9259208032999641
logos32_data,8,fixed_latent,stage16_block0_ffn,0.20238052308559418,0.17522677779197693,0.10125933275031916,0.865828268058518
logos32_data,8,fixed_latent,stage16_block0,0.7234559655189514,0.6598817110061646,0.2965546518342529,0.9121242238051301
logos32_data,8,fixed_latent,stage16_block1_attention,0.13748691976070404,0.032907698303461075,0.13349058580160122,0.23935148420472957
logos32_data,8,fixed_latent,stage16_block1_attention_residual,0.7327467203140259,0.6605499982833862,0.3171615611936284,0.9014711085984813
logos32_data,8,fixed_latent,stage16_block1_ffn,0.1985921412706375,0.16527418792247772,0.11010577360439536,0.8322292456540125
logos32_data,8,fixed_latent,stage16_block1,0.7705406546592712,0.6869180798530579,0.34910808076257177,0.8914754538899822
logos32_data,8,fixed_latent,stage32_upsample,0.7705406546592712,0.6869180798530579,0.34910808076257177,0.8914754538899822
logos32_data,8,fixed_latent,stage32_position,0.7711004614830017,0.6869180798530579,0.35034193764133664,0.8908282567124367
logos32_data,8,fixed_latent,stage32_block0_attention,0.16586355865001678,0.03322981670498848,0.16250076728988214,0.20034428885675615
logos32_data,8,fixed_latent,stage32_block0_attention_residual,0.7911741733551025,0.6855040788650513,0.39501991145195126,0.8664388979711761
logos32_data,8,fixed_latent,stage32_block0_ffn,0.22623644769191742,0.1645050048828125,0.1553094769573432,0.7271374995545851
logos32_data,8,fixed_latent,stage32_block0,0.8234086036682129,0.7042751908302307,0.42661245197002656,0.8553167743119839
logos32_data,8,fixed_latent,stage32_block1_attention,0.16433142125606537,0.028230616822838783,0.1618883821830352,0.171790742190741
logos32_data,8,fixed_latent,stage32_block1_attention_residual,0.8401252627372742,0.705005407333374,0.45692212982091085,0.8391670130670084
logos32_data,8,fixed_latent,stage32_block1_ffn,0.1967509388923645,0.15849287807941437,0.11658018507933003,0.8055508094226693
logos32_data,8,fixed_latent,stage32_block1,0.8776223659515381,0.7358622550964355,0.47825490979472846,0.8384725408616917
logos32_data,8,fixed_latent,output_projection,1.3885377645492554,0.9529047012329102,1.0099553227483191,0.686264879185508
logos32_data,8,evolving_prior,input_projection,0.5816642045974731,0.5726892948150635,0.10178515861478238,0.9845702903643168
logos32_data,8,evolving_prior,stage8_position,0.5820241570472717,0.5726892948150635,0.10382240119941619,0.9839613835281925
logos32_data,8,evolving_prior,stage8_block0_attention,0.05761686712503433,0.04381650313735008,0.03741413409553203,0.7604804864218652
logos32_data,8,evolving_prior,stage8_block0_attention_residual,0.5848546028137207,0.5743640661239624,0.11027613512425771,0.9820630005487029
logos32_data,8,evolving_prior,stage8_block0_ffn,0.2078513205051422,0.18451984226703644,0.09567966996953609,0.8877491940806382
logos32_data,8,evolving_prior,stage8_block0,0.62102210521698,0.6035853028297424,0.1461274696149149,0.9719224126794243
logos32_data,8,evolving_prior,stage8_block1_attention,0.08846989274024963,0.05020059645175934,0.0728479377701173,0.5674314153307483
logos32_data,8,evolving_prior,stage8_block1_attention_residual,0.6290348172187805,0.6057538390159607,0.16954966172449354,0.9629893647131418
logos32_data,8,evolving_prior,stage8_block1_ffn,0.21563798189163208,0.18241745233535767,0.11499396644073705,0.8459430511041917
logos32_data,8,evolving_prior,stage8_block1,0.6747028231620789,0.6334311962127686,0.23235494237769197,0.938829918102483
logos32_data,8,evolving_prior,stage16_upsample,0.6747028231620789,0.6334311962127686,0.23235494237769197,0.938829918102483
logos32_data,8,evolving_prior,stage16_position,0.6750813722610474,0.6334311962127686,0.23345187692181854,0.9383034730927621
logos32_data,8,evolving_prior,stage16_block0_attention,0.09917769581079483,0.030553409829735756,0.09435414402194933,0.30806734901387195
logos32_data,8,evolving_prior,stage16_block0_attention_residual,0.6847619414329529,0.634049654006958,0.2586115865321653,0.9259417260838521
logos32_data,8,evolving_prior,stage16_block0_ffn,0.2023768275976181,0.1752297431230545,0.10124681463386576,0.8658587309781354
logos32_data,8,evolving_prior,stage16_block0,0.7234395742416382,0.659883975982666,0.29650962180042484,0.9121480210346583
logos32_data,8,evolving_prior,stage16_block1_attention,0.1374794989824295,0.03289507329463959,0.13348605467763336,0.2392725718242814
logos32_data,8,evolving_prior,stage16_block1_attention_residual,0.7327324748039246,0.6605517268180847,0.31712504762306354,0.9014909936874914
logos32_data,8,evolving_prior,stage16_block1_ffn,0.19859863817691803,0.1652853637933731,0.11010071571710471,0.8322582939674118
logos32_data,8,evolving_prior,stage16_block1,0.7705274224281311,0.6869214177131653,0.3490723056913491,0.8914950950720201
logos32_data,8,evolving_prior,stage32_upsample,0.7705274224281311,0.6869214177131653,0.3490723056913491,0.8914950950720201
logos32_data,8,evolving_prior,stage32_position,0.7710875272750854,0.6869214177131653,0.35030692343449443,0.8908475282185522
logos32_data,8,evolving_prior,stage32_block0_attention,0.16586048901081085,0.03322424739599228,0.16249877291805992,0.2003144184256367
logos32_data,8,evolving_prior,stage32_block0_attention_residual,0.7911606431007385,0.6855060458183289,0.39498939775403263,0.8664562017792932
logos32_data,8,evolving_prior,stage32_block0_ffn,0.22623471915721893,0.16450540721416473,0.15530653286145937,0.7271448335913632
logos32_data,8,evolving_prior,stage32_block0,0.8233983516693115,0.7042778134346008,0.4265883343875179,0.8553306088198835
logos32_data,8,evolving_prior,stage32_block1_attention,0.16433292627334595,0.028223905712366104,0.16189108006280156,0.17174833037062454
logos32_data,8,evolving_prior,stage32_block1_attention_residual,0.840115487575531,0.7050089836120605,0.4568986380922595,0.8391810340821462
logos32_data,8,evolving_prior,stage32_block1_ffn,0.19675569236278534,0.15850070118904114,0.11657757159823376,0.8055711084424015
logos32_data,8,evolving_prior,stage32_block1,0.8776121735572815,0.7358653545379639,0.4782314368239009,0.8384858103725178
logos32_data,8,evolving_prior,output_projection,1.388476848602295,0.9528766870498657,1.0098980039496228,0.6862748111422063
logos32_data,16,fixed_latent,input_projection,0.5811564922332764,0.5721732378005981,0.10178729984465833,0.984542451899389
logos32_data,16,fixed_latent,stage8_position,0.5815281867980957,0.5721732378005981,0.10388848822396568,0.9839131632655571
logos32_data,16,fixed_latent,stage8_block0_attention,0.05882343649864197,0.0459250882267952,0.036757080309388575,0.780727733032997
logos32_data,16,fixed_latent,stage8_block0_attention_residual,0.5845867395401001,0.574131965637207,0.1100642634086185,0.9821159578284004
logos32_data,16,fixed_latent,stage8_block0_ffn,0.22565440833568573,0.20864352583885193,0.08595226074316324,0.9246153327014633
logos32_data,16,fixed_latent,stage8_block0,0.6270162463188171,0.6122336983680725,0.1353487042061784,0.9764239793824605
logos32_data,16,fixed_latent,stage8_block1_attention,0.08071643859148026,0.0551428385078907,0.05894413304294915,0.6831673878350613
logos32_data,16,fixed_latent,stage8_block1_attention_residual,0.6345508098602295,0.6162279844284058,0.1513862658948216,0.9711247308377723
logos32_data,16,fixed_latent,stage8_block1_ffn,0.3548852205276489,0.32461097836494446,0.1434267495061907,0.9146928628989051
logos32_data,16,fixed_latent,stage8_block1,0.7738630771636963,0.7380121350288391,0.2328135536162779,0.9536727578911566
logos32_data,16,fixed_latent,stage16_upsample,0.7738630771636963,0.7380121946334839,0.23281336467121824,0.953672834913367
logos32_data,16,fixed_latent,stage16_position,0.7742696404457092,0.7380121946334839,0.2341612194369438,0.9531720683360984
logos32_data,16,fixed_latent,stage16_block0_attention,0.09967047721147537,0.047069430351257324,0.08785597733775072,0.47225047645139673
logos32_data,16,fixed_latent,stage16_block0_attention_residual,0.7823218703269958,0.740297794342041,0.2529558943457101,0.9462828823034315
logos32_data,16,fixed_latent,stage16_block0_ffn,0.23253953456878662,0.2045530080795288,0.11060154620566627,0.8796483077978329
logos32_data,16,fixed_latent,stage16_block0,0.8678226470947266,0.8160108327865601,0.29536835914749404,0.9402967709109451
logos32_data,16,fixed_latent,stage16_block1_attention,0.1371447592973709,0.06240232661366463,0.12212548724953087,0.455010653949654
logos32_data,16,fixed_latent,stage16_block1_attention_residual,0.8727644085884094,0.8199793696403503,0.2989172900032545,0.93951971639926
logos32_data,16,fixed_latent,stage16_block1_ffn,0.25213372707366943,0.2220504879951477,0.1194361633224058,0.8806853830002208
logos32_data,16,fixed_latent,stage16_block1,0.9821171164512634,0.9175468683242798,0.35023103068524825,0.9342540242447879
logos32_data,16,fixed_latent,stage32_upsample,0.9821170568466187,0.9175468683242798,0.35023086354199445,0.9342540809446271
logos32_data,16,fixed_latent,stage32_position,0.9824328422546387,0.9175468683242798,0.35111541402911167,0.9339537817348934
logos32_data,16,fixed_latent,stage32_block0_attention,0.17137302458286285,0.053260963410139084,0.16288641235935655,0.3107896563054833
logos32_data,16,fixed_latent,stage32_block0_attention_residual,0.9871523976325989,0.9144821763038635,0.3717421221415971,0.9263839894397117
logos32_data,16,fixed_latent,stage32_block0_ffn,0.21001754701137543,0.17115654051303864,0.12170788262180823,0.8149630492721072
logos32_data,16,fixed_latent,stage32_block0,1.016675591468811,0.9517242908477783,0.3575613688568023,0.9361140356215336
logos32_data,16,fixed_latent,stage32_block1_attention,0.18516606092453003,0.05530749633908272,0.17671318843541112,0.2986913263852653
logos32_data,16,fixed_latent,stage32_block1_attention_residual,1.0412476062774658,0.9611709713935852,0.4004334418213148,0.9230954919837364
logos32_data,16,fixed_latent,stage32_block1_ffn,0.2060600072145462,0.17524957656860352,0.10838963274125439,0.850478357918995
logos32_data,16,fixed_latent,stage32_block1,1.0958150625228882,1.0112054347991943,0.4222253188578507,0.9227884059844025
logos32_data,16,fixed_latent,output_projection,2.1530344486236572,2.0935986042022705,0.5023964783340746,0.9723943829791569
logos32_data,16,evolving_prior,input_projection,0.5807876586914062,0.5718141794204712,0.10169979696114727,0.9845494663382595
logos32_data,16,evolving_prior,stage8_position,0.5811600089073181,0.5718141794204712,0.10380510665110484,0.9839186638041068
logos32_data,16,evolving_prior,stage8_block0_attention,0.058834612369537354,0.04594024643301964,0.03675602495302157,0.7808370716283669
logos32_data,16,evolving_prior,stage8_block0_attention_residual,0.5842220783233643,0.5737771987915039,0.10997801119972196,0.9821217308975455
logos32_data,16,evolving_prior,stage8_block0_ffn,0.22569498419761658,0.20867657661437988,0.08597855700385555,0.9245955436549023
logos32_data,16,evolving_prior,stage8_block0,0.6267012357711792,0.6119217872619629,0.13530027786833318,0.976417074571379
logos32_data,16,evolving_prior,stage8_block1_attention,0.08078308403491974,0.055205926299095154,0.058976371265548194,0.6833847328140077
logos32_data,16,evolving_prior,stage8_block1_attention_residual,0.6342531442642212,0.6159276962280273,0.15136090653892717,0.971107044242638
logos32_data,16,evolving_prior,stage8_block1_ffn,0.35514044761657715,0.32481855154037476,0.1435884609170099,0.9146199868820939
logos32_data,16,evolving_prior,stage8_block1,0.7738053202629089,0.7379071116447449,0.23295443385197262,0.9536082168497274
logos32_data,16,evolving_prior,stage16_upsample,0.7738053202629089,0.7379071712493896,0.23295424504805018,0.9536082938776869
logos32_data,16,evolving_prior,stage16_position,0.7742122411727905,0.7379071116447449,0.23430255859871696,0.9531070065838148
logos32_data,16,evolving_prior,stage16_block0_attention,0.09973287582397461,0.047165799885988235,0.08787510364850361,0.4729212859482202
logos32_data,16,evolving_prior,stage16_block0_attention_residual,0.7822719216346741,0.7401997447013855,0.25308831921289726,0.9462179636393283
logos32_data,16,evolving_prior,stage16_block0_ffn,0.23259136080741882,0.20458494126796722,0.1106514479283,0.8795895967836898
logos32_data,16,evolving_prior,stage16_block0,0.8678855895996094,0.8160029053688049,0.2955751259228875,0.9402194426862877
logos32_data,16,evolving_prior,stage16_block1_attention,0.13723324239253998,0.06251893192529678,0.1221652404266031,0.455566966394837
logos32_data,16,evolving_prior,stage16_block1_attention_residual,0.872830331325531,0.8199783563613892,0.2991124911813462,0.9394475958645047
logos32_data,16,evolving_prior,stage16_block1_ffn,0.25220125913619995,0.22210173308849335,0.11948345186247483,0.8806527526833182
logos32_data,16,evolving_prior,stage16_block1,0.9822952747344971,0.9176392555236816,0.35048852119244134,0.934178631544073
logos32_data,16,evolving_prior,stage32_upsample,0.9822952747344971,0.9176392555236816,0.35048852119244134,0.934178631544073
logos32_data,16,evolving_prior,stage32_position,0.9826115369796753,0.9176392555236816,0.3513739166863458,0.9338779578594164
logos32_data,16,evolving_prior,stage32_block0_attention,0.17143483459949493,0.05331427976489067,0.1629340053129093,0.3109886032756597
logos32_data,16,evolving_prior,stage32_block0_attention_residual,0.9872865676879883,0.9145613312721252,0.3719036677405678,0.9263382701679312
logos32_data,16,evolving_prior,stage32_block0_ffn,0.21000193059444427,0.17114724218845367,0.12169401112906326,0.81497937520857
logos32_data,16,evolving_prior,stage32_block0,1.0168263912200928,0.9518272876739502,0.3577159827585684,0.9360764983015931
logos32_data,16,evolving_prior,stage32_block1_attention,0.18520858883857727,0.055398885160684586,0.17672912861928125,0.2991161776464305
logos32_data,16,evolving_prior,stage32_block1_attention_residual,1.0414280891418457,0.9612993597984314,0.40059456524616266,0.9230587976463726
logos32_data,16,evolving_prior,stage32_block1_ffn,0.20606394112110138,0.17525656521320343,0.10838581170997849,0.8504960366171352
logos32_data,16,evolving_prior,stage32_block1,1.0959933996200562,1.0113540887832642,0.42233214311972694,0.9227738863517485
logos32_data,16,evolving_prior,output_projection,2.1541237831115723,2.0946061611175537,0.5028660883130783,0.9723703797986729
logos32_data,32,fixed_latent,input_projection,0.5806467533111572,0.5716714262962341,0.10169775064974261,0.9845425347446773
logos32_data,32,fixed_latent,stage8_position,0.5810184478759766,0.5716714262962341,0.1037989264329754,0.9839126939705405
logos32_data,32,fixed_latent,stage8_block0_attention,0.10498841851949692,0.09607911854982376,0.04232459098342186,0.9151401640742055
logos32_data,32,fixed_latent,stage8_block0_attention_residual,0.5922951698303223,0.5815216302871704,0.11245515422817126,0.9818105227057006
logos32_data,32,fixed_latent,stage8_block0_ffn,0.40046921372413635,0.3779431879520416,0.13241804190319284,0.9437509176732577
logos32_data,32,fixed_latent,stage8_block0,0.7457728385925293,0.725010097026825,0.1747497810914584,0.9721594291300698
logos32_data,32,fixed_latent,stage8_block1_attention,0.37836623191833496,0.36436232924461365,0.10198577588820414,0.9629884976713676
logos32_data,32,fixed_latent,stage8_block1_attention_residual,0.9453314542770386,0.918121337890625,0.22517719101958233,0.9712163217850155
logos32_data,32,fixed_latent,stage8_block1_ffn,1.28564453125,1.2471942901611328,0.31207092674983405,0.9700926343524496
logos32_data,32,fixed_latent,stage8_block1,1.9681599140167236,1.9182534217834473,0.4404057866995084,0.9746430704751909
logos32_data,32,fixed_latent,stage16_upsample,1.9681599140167236,1.9182534217834473,0.4404057866995084,0.9746430704751909
logos32_data,32,fixed_latent,stage16_position,1.9683752059936523,1.9182534217834473,0.44136692375692277,0.9745364684245231
logos32_data,32,fixed_latent,stage16_block0_attention,0.19263948500156403,0.16895927488803864,0.09253504531244369,0.8770749926302329
logos32_data,32,fixed_latent,stage16_block0_attention_residual,1.997426152229309,1.9459043741226196,0.4507409459767761,0.9742059159237569
logos32_data,32,fixed_latent,stage16_block0_ffn,0.349821001291275,0.32277753949165344,0.13486805753826347,0.922693429783239
logos32_data,32,fixed_latent,stage16_block0,2.250310182571411,2.196127414703369,0.490836323200386,0.9759220891912208
logos32_data,32,fixed_latent,stage16_block1_attention,0.2404193878173828,0.2128721922636032,0.11174485133272435,0.8854202408388802
logos32_data,32,fixed_latent,stage16_block1_attention_residual,2.3065474033355713,2.2481226921081543,0.5158539377211843,0.9746700583118616
logos32_data,32,fixed_latent,stage16_block1_ffn,0.401754766702652,0.37454119324684143,0.1453471263201805,0.9322632219670665
logos32_data,32,fixed_latent,stage16_block1,2.6021578311920166,2.537792205810547,0.5751835346749579,0.9752645190810795
logos32_data,32,fixed_latent,stage32_upsample,2.6021578311920166,2.537792205810547,0.5751835346749579,0.9752645190810795
logos32_data,32,fixed_latent,stage32_position,2.6023459434509277,2.537792205810547,0.5760339655981564,0.9751940214548196
logos32_data,32,fixed_latent,stage32_block0_attention,0.23071981966495514,0.18141420185565948,0.1425500703307559,0.7862965657614682
logos32_data,32,fixed_latent,stage32_block0_attention_residual,2.577476739883423,2.505185842514038,0.6061602421037748,0.971952841998235
logos32_data,32,fixed_latent,stage32_block0_ffn,0.22095941007137299,0.19241979718208313,0.10861713746686183,0.8708377575769632
logos32_data,32,fixed_latent,stage32_block0,2.6520533561706543,2.583237648010254,0.6002251726464685,0.9740519141516201
logos32_data,32,fixed_latent,stage32_block1_attention,0.23396220803260803,0.16827909648418427,0.16254371865427455,0.7192576010426893
logos32_data,32,fixed_latent,stage32_block1_attention_residual,2.707874298095703,2.6330208778381348,0.6322849604061408,0.9723571288703435
logos32_data,32,fixed_latent,stage32_block1_ffn,0.23490816354751587,0.18708273768424988,0.14206299504738246,0.7964079871000646
logos32_data,32,fixed_latent,stage32_block1,2.7947800159454346,2.7120914459228516,0.6748002122703133,0.9704132097872431
logos32_data,32,fixed_latent,output_projection,7.32722806930542,7.188973903656006,1.4166599423186075,0.9811314504828127
logos32_data,32,evolving_prior,input_projection,0.5796254873275757,0.570659875869751,0.10155299912878007,0.9845320613847373
logos32_data,32,evolving_prior,stage8_position,0.5799984335899353,0.570659875869751,0.10366045069889962,0.983898994929378
logos32_data,32,evolving_prior,stage8_block0_attention,0.10537662357091904,0.09637021273374557,0.04262645766258078,0.9145312258832046
logos32_data,32,evolving_prior,stage8_block0_attention_residual,0.5913857221603394,0.5805957317352295,0.11245296201496661,0.9817547329588988
logos32_data,32,evolving_prior,stage8_block0_ffn,0.4019792675971985,0.3792249262332916,0.13332586733764246,0.9433942414495173
logos32_data,32,evolving_prior,stage8_block0,0.7462310194969177,0.7252292633056641,0.17579320266874082,0.9718562273042304
logos32_data,32,evolving_prior,stage8_block1_attention,0.3790503442287445,0.3647727370262146,0.10305345109375907,0.9623332166296258
logos32_data,32,evolving_prior,stage8_block1_attention_residual,0.9466638565063477,0.9189736247062683,0.2272882185897314,0.9707496683117598
logos32_data,32,evolving_prior,stage8_block1_ffn,1.2870914936065674,1.2482798099517822,0.3136909768882856,0.9698454353497197
logos32_data,32,evolving_prior,stage8_block1,1.9712468385696411,1.9205172061920166,0.44432843628471036,0.9742652054602992
logos32_data,32,evolving_prior,stage16_upsample,1.9712468385696411,1.9205172061920166,0.44432843628471036,0.9742652054602992
logos32_data,32,evolving_prior,stage16_position,1.9714617729187012,1.9205172061920166,0.44528101553980454,0.9741589883068023
logos32_data,32,evolving_prior,stage16_block0_attention,0.19340208172798157,0.16956768929958344,0.09301163347838161,0.8767624825159793
logos32_data,32,evolving_prior,stage16_block0_attention_residual,2.0006351470947266,1.9482769966125488,0.4547062087338643,0.9738292359013032
logos32_data,32,evolving_prior,stage16_block0_ffn,0.34980660676956177,0.32276883721351624,0.13485154750120398,0.9227065211668317
logos32_data,32,evolving_prior,stage16_block0,2.253467082977295,2.1985411643981934,0.4945003968742944,0.975626039095928
logos32_data,32,evolving_prior,stage16_block1_attention,0.24124135076999664,0.21353547275066376,0.11224968239813908,0.8851528648347351
logos32_data,32,evolving_prior,stage16_block1_attention_residual,2.3100745677948,2.2507107257843018,0.5203323338135281,0.974302196631182
logos32_data,32,evolving_prior,stage16_block1_ffn,0.4020569920539856,0.374602735042572,0.14602265494820735,0.9317155091093972
logos32_data,32,evolving_prior,stage16_block1,2.605935573577881,2.5404880046844482,0.5803627414756307,0.9748851930350777
logos32_data,32,evolving_prior,stage32_upsample,2.605935573577881,2.5404880046844482,0.5803627414756307,0.9748851930350777
logos32_data,32,evolving_prior,stage32_position,2.60612416267395,2.5404880046844482,0.5812089549614914,0.9748146466198457
logos32_data,32,evolving_prior,stage32_block0_attention,0.2312365621328354,0.182287335395813,0.14227324070712322,0.7883153672346019
logos32_data,32,evolving_prior,stage32_block0_attention_residual,2.5811479091644287,2.507678747177124,0.6114505948480806,0.9715362448907129
logos32_data,32,evolving_prior,stage32_block0_ffn,0.22099409997463226,0.1922735869884491,0.10894613334209277,0.8700394581145833
logos32_data,32,evolving_prior,stage32_block0,2.6558148860931396,2.5857179164886475,0.6061481382826513,0.9736062291195269
logos32_data,32,evolving_prior,stage32_block1_attention,0.23446424305438995,0.16878220438957214,0.16274534940349214,0.7198633027826713
logos32_data,32,evolving_prior,stage32_block1_attention_residual,2.7119107246398926,2.6357500553131104,0.63818604210199,0.9719162328483747
logos32_data,32,evolving_prior,stage32_block1_ffn,0.23511521518230438,0.18678687512874603,0.14279295392231203,0.7944482664974049
logos32_data,32,evolving_prior,stage32_block1,2.7991185188293457,2.714777708053589,0.6819431635471487,0.9698687961197763
logos32_data,32,evolving_prior,output_projection,7.339535713195801,7.196075916290283,1.4440484383370085,0.9804538321616734
logos32_data,64,fixed_latent,input_projection,0.580702543258667,0.5717286467552185,0.10169463224050021,0.9845464832079249
logos32_data,64,fixed_latent,stage8_position,0.5810924172401428,0.5717286467552185,0.10389779522895956,0.9838859186471631
logos32_data,64,fixed_latent,stage8_block0_attention,0.10687246918678284,0.09886839240789413,0.04058036043159928,0.9251062800383152
logos32_data,64,fixed_latent,stage8_block0_attention_residual,0.5927242636680603,0.5820673704147339,0.11189114817232526,0.9820204875916898
logos32_data,64,fixed_latent,stage8_block0_ffn,0.36667904257774353,0.33845824003219604,0.1410657294314924,0.92303677257594
logos32_data,64,fixed_latent,stage8_block0,0.7190409898757935,0.6953945755958557,0.18288337637254137,0.9671139550972992
logos32_data,64,fixed_latent,stage8_block1_attention,0.4757581055164337,0.45221468806266785,0.1478095087095891,0.9505138910282788
logos32_data,64,fixed_latent,stage8_block1_attention_residual,0.8768763542175293,0.8388751745223999,0.2553440466426406,0.9566630123935326
logos32_data,64,fixed_latent,stage8_block1_ffn,0.6739727258682251,0.6361672282218933,0.22255447187311067,0.9439064873172279
logos32_data,64,fixed_latent,stage8_block1,1.3080095052719116,1.2473188638687134,0.393807716682816,0.9536007642462951
logos32_data,64,fixed_latent,stage16_upsample,1.3080095052719116,1.2473188638687134,0.393807716682816,0.9536007642462951
logos32_data,64,fixed_latent,stage16_position,1.30833101272583,1.2473188638687134,0.39487427201257136,0.9533664277131202
logos32_data,64,fixed_latent,stage16_block0_attention,0.18675674498081207,0.15772852301597595,0.09999897410987185,0.8445666743237651
logos32_data,64,fixed_latent,stage16_block0_attention_residual,1.3343943357467651,1.2681214809417725,0.41530248355517496,0.9503348800053888
logos32_data,64,fixed_latent,stage16_block0_ffn,0.24023686349391937,0.215331569314003,0.10651791322667177,0.8963302558245947
logos32_data,64,fixed_latent,stage16_block0,1.438222050666809,1.3725743293762207,0.4295606794873799,0.95435494730445
logos32_data,64,fixed_latent,stage16_block1_attention,0.1942807286977768,0.16639220714569092,0.100292746220874,0.8564524554801868
logos32_data,64,fixed_latent,stage16_block1_attention_residual,1.4776443243026733,1.410919189453125,0.4390214003631723,0.9548435751742645
logos32_data,64,fixed_latent,stage16_block1_ffn,0.2673940062522888,0.2420104295015335,0.11371238539461016,0.9050705095954706
logos32_data,64,fixed_latent,stage16_block1,1.6080578565597534,1.5386559963226318,0.4673197995205828,0.9568411920292479
logos32_data,64,fixed_latent,stage32_upsample,1.6080578565597534,1.5386558771133423,0.46732019201840597,0.9568411178967849
logos32_data,64,fixed_latent,stage32_position,1.6083797216415405,1.5386558771133423,0.4684265372630918,0.9566496371534473
logos32_data,64,fixed_latent,stage32_block0_attention,0.2316587120294571,0.16241025924682617,0.16519281628002364,0.7010755512884598
logos32_data,64,fixed_latent,stage32_block0_attention_residual,1.5995131731033325,1.512438178062439,0.5205508125728568,0.9455615642902441
logos32_data,64,fixed_latent,stage32_block0_ffn,0.23325468599796295,0.18945088982582092,0.1360739096381557,0.8122061471788627
logos32_data,64,fixed_latent,stage32_block0,1.6149237155914307,1.5393047332763672,0.48838462843603514,0.9531748889529623
logos32_data,64,fixed_latent,stage32_block1_attention,0.22557155787944794,0.15971249341964722,0.15929358797465853,0.7080347137780654
logos32_data,64,fixed_latent,stage32_block1_attention_residual,1.6493245363235474,1.5705848932266235,0.5035221140001699,0.9522594605471403
logos32_data,64,fixed_latent,stage32_block1_ffn,0.2082596868276596,0.1779329776763916,0.10822177513221443,0.8543803190467478
logos32_data,64,fixed_latent,stage32_block1,1.6799226999282837,1.5978535413742065,0.5186562812231633,0.9511470625656879
logos32_data,64,fixed_latent,output_projection,3.9371752738952637,3.7660481929779053,1.148142040664002,0.9565355695358584
logos32_data,64,evolving_prior,input_projection,0.5797382593154907,0.5707671642303467,0.101593767282268,0.984525611444488
logos32_data,64,evolving_prior,stage8_position,0.5801301002502441,0.5707671642303467,0.10380644225098352,0.9838606270975102
logos32_data,64,evolving_prior,stage8_block0_attention,0.10687645524740219,0.09868302196264267,0.04103946713312136,0.9233373406163873
logos32_data,64,evolving_prior,stage8_block0_attention_residual,0.5918058156967163,0.5811095237731934,0.11200823573536088,0.9819260107964122
logos32_data,64,evolving_prior,stage8_block0_ffn,0.36668309569358826,0.3381982445716858,0.14169841225667776,0.9223175230698246
logos32_data,64,evolving_prior,stage8_block0,0.7183733582496643,0.694405198097229,0.18401549581067536,0.966635510800631
logos32_data,64,evolving_prior,stage8_block1_attention,0.4748486578464508,0.4511757493019104,0.1480597551680922,0.9501464136975715
logos32_data,64,evolving_prior,stage8_block1_attention_residual,0.8754810690879822,0.837274432182312,0.25580974872983875,0.9563592654887771
logos32_data,64,evolving_prior,stage8_block1_ffn,0.6749194264411926,0.6368451118469238,0.22348274140162927,0.9435868740732027
logos32_data,64,evolving_prior,stage8_block1,1.3075823783874512,1.2465721368789673,0.3947525602531145,0.9533411871275571
logos32_data,64,evolving_prior,stage16_upsample,1.3075822591781616,1.2465721368789673,0.394752165382877,0.9533412740414968
logos32_data,64,evolving_prior,stage16_position,1.3079029321670532,1.2465721368789673,0.39581307144683925,0.9531075328453714
logos32_data,64,evolving_prior,stage16_block0_attention,0.1874537467956543,0.15845030546188354,0.10016190836223654,0.845276811855952
logos32_data,64,evolving_prior,stage16_block0_attention_residual,1.3340213298797607,1.2673951387405396,0.4163201542935604,0.9500561275544025
logos32_data,64,evolving_prior,stage16_block0_ffn,0.2403862178325653,0.21557052433490753,0.10637143771623367,0.8967674032171741
logos32_data,64,evolving_prior,stage16_block0,1.4382367134094238,1.3723351955413818,0.4303730415315746,0.9541789489493572
logos32_data,64,evolving_prior,stage16_block1_attention,0.19486169517040253,0.16713877022266388,0.10017839953372404,0.8577302485052513
logos32_data,64,evolving_prior,stage16_block1_attention_residual,1.4778244495391846,1.4108942747116089,0.4397072312821305,0.9547103346081154
logos32_data,64,evolving_prior,stage16_block1_ffn,0.26733720302581787,0.24212388694286346,0.11333668202901846,0.9056872152563089
logos32_data,64,evolving_prior,stage16_block1,1.6086561679840088,1.5390427112579346,0.46810490247039854,0.9567257080092417
logos32_data,64,evolving_prior,stage32_upsample,1.6086560487747192,1.5390427112579346,0.4681044928040295,0.956725778907301
logos32_data,64,evolving_prior,stage32_position,1.608975887298584,1.5390427112579346,0.4692024497294227,0.9565355972126687
logos32_data,64,evolving_prior,stage32_block0_attention,0.23147961497306824,0.16284510493278503,0.1645122607817124,0.7034965258246668
logos32_data,64,evolving_prior,stage32_block0_attention_residual,1.5999029874801636,1.5125683546066284,0.5213698706202241,0.9454125446624194
logos32_data,64,evolving_prior,stage32_block0_ffn,0.23327909409999847,0.18953391909599304,0.13600010755962477,0.8124770881300943
logos32_data,64,evolving_prior,stage32_block0,1.6157399415969849,1.5395643711090088,0.4902622829502085,0.9528540648610291
logos32_data,64,evolving_prior,stage32_block1_attention,0.2259092777967453,0.16044436395168304,0.15903649854919125,0.7102159128499262
logos32_data,64,evolving_prior,stage32_block1_attention_residual,1.6504093408584595,1.5709463357925415,0.505943279877144,0.9518525476688193
logos32_data,64,evolving_prior,stage32_block1_ffn,0.2079669088125229,0.17757783830165863,0.10824207363657716,0.8538754521842739
logos32_data,64,evolving_prior,stage32_block1,1.6811288595199585,1.5982680320739746,0.5212806729212783,0.9507111980281842
logos32_data,64,evolving_prior,output_projection,3.9430270195007324,3.7689099311828613,1.1587838483272144,0.9558417714469738
logos32_data,128,fixed_latent,input_projection,0.5793267488479614,0.5703213810920715,0.10174971351301726,0.9844554601115902
logos32_data,128,fixed_latent,stage8_position,0.579825758934021,0.5703213810920715,0.10455349345022165,0.9836082173040694
logos32_data,128,fixed_latent,stage8_block0_attention,0.12647762894630432,0.11887742578983307,0.04318273105608037,0.9399087157168491
logos32_data,128,fixed_latent,stage8_block0_attention_residual,0.5952880382537842,0.5843993425369263,0.11333691777372074,0.9817085259283913
logos32_data,128,fixed_latent,stage8_block0_ffn,0.3573257327079773,0.3216922879219055,0.1555498349303614,0.9002774177050579
logos32_data,128,fixed_latent,stage8_block0,0.6877814531326294,0.6581223011016846,0.19979580592658824,0.9568770691680378
logos32_data,128,fixed_latent,stage8_block1_attention,0.5560397505760193,0.5428356528282166,0.12045604276749959,0.9762533204970972
logos32_data,128,fixed_latent,stage8_block1_attention_residual,0.7951542735099792,0.7642512321472168,0.21952305765600985,0.961135791641602
logos32_data,128,fixed_latent,stage8_block1_ffn,0.6671092510223389,0.6054584383964539,0.2800978974824935,0.9075851331226397
logos32_data,128,fixed_latent,stage8_block1,1.078639030456543,0.9946969151496887,0.41718126158292873,0.9221777509095651
logos32_data,128,fixed_latent,stage16_upsample,1.078639030456543,0.9946969151496887,0.41718126158292873,0.9221777509095651
logos32_data,128,fixed_latent,stage16_position,1.0793497562408447,0.994696855545044,0.41901558666232563,0.9215704638775946
logos32_data,128,fixed_latent,stage16_block0_attention,0.17937307059764862,0.14890000224113464,0.10001743742077746,0.8301134710189131
logos32_data,128,fixed_latent,stage16_block0_attention_residual,1.0991727113723755,1.017216444015503,0.41647491575142276,0.9254382259412665
logos32_data,128,fixed_latent,stage16_block0_ffn,0.21944627165794373,0.19473828375339508,0.10116158848769734,0.8874075749026095
logos32_data,128,fixed_latent,stage16_block0,1.1235711574554443,1.0425009727478027,0.4190511516338452,0.9278459720421789
logos32_data,128,fixed_latent,stage16_block1_attention,0.2029659003019333,0.17789962887763977,0.09770813031970452,0.8765000850536726
logos32_data,128,fixed_latent,stage16_block1_attention_residual,1.1713237762451172,1.0918422937393188,0.4241223813938429,0.9321438835975907
logos32_data,128,fixed_latent,stage16_block1_ffn,0.22397544980049133,0.1991547793149948,0.10248110064459753,0.8891812897011444
logos32_data,128,fixed_latent,stage16_block1,1.2536674737930298,1.1699811220169067,0.45036241958078277,0.9332467711530187
logos32_data,128,fixed_latent,stage32_upsample,1.2536675930023193,1.1699811220169067,0.45036275142188326,0.9332466824120437
logos32_data,128,fixed_latent,stage32_position,1.2543344497680664,1.1699810028076172,0.4522160600246749,0.9327504343231212
logos32_data,128,fixed_latent,stage32_block0_attention,0.2357054352760315,0.16602036356925964,0.167314945832685,0.7043552617903588
logos32_data,128,fixed_latent,stage32_block0_attention_residual,1.2755720615386963,1.171654224395752,0.504292041017572,0.9185323665543518
logos32_data,128,fixed_latent,stage32_block0_ffn,0.2181342989206314,0.19046829640865326,0.1063221539886245,0.8731698653129076
logos32_data,128,fixed_latent,stage32_block0,1.2567185163497925,1.15736985206604,0.48973100255656293,0.9209459692116927
logos32_data,128,fixed_latent,stage32_block1_attention,0.26802197098731995,0.18102553486824036,0.1976500256959135,0.6754130424509289
logos32_data,128,fixed_latent,stage32_block1_attention_residual,1.2957872152328491,1.1801265478134155,0.5351316083982447,0.9107410027975544
logos32_data,128,fixed_latent,stage32_block1_ffn,0.2210005223751068,0.18938304483890533,0.11390914457415285,0.8569348289478848
logos32_data,128,fixed_latent,stage32_block1,1.2786281108856201,1.1594632863998413,0.5390127395876736,0.9068025929734633
logos32_data,128,fixed_latent,output_projection,2.2922048568725586,2.0190846920013428,1.0851267724998723,0.880848274074484
logos32_data,128,evolving_prior,input_projection,0.5767080187797546,0.5677016973495483,0.10152301094486732,0.984383221427608
logos32_data,128,evolving_prior,stage8_position,0.577212929725647,0.5677016973495483,0.10435300220360931,0.9835221425469118
logos32_data,128,evolving_prior,stage8_block0_attention,0.12723901867866516,0.11937709152698517,0.04403269118356846,0.9382113503127933
logos32_data,128,evolving_prior,stage8_block0_attention_residual,0.5929418802261353,0.5819725394248962,0.11352548912663674,0.9815001416377344
logos32_data,128,evolving_prior,stage8_block0_ffn,0.35937783122062683,0.32281652092933655,0.15793010918732553,0.8982649815457181
logos32_data,128,evolving_prior,stage8_block0,0.6876606345176697,0.6570539474487305,0.20287251762445552,0.9554915818463173
logos32_data,128,evolving_prior,stage8_block1_attention,0.5574778914451599,0.5443503260612488,0.12026770957806437,0.976451863678611
logos32_data,128,evolving_prior,stage8_block1_attention_residual,0.7952976226806641,0.7643080353736877,0.21984434426368488,0.9610339746741333
logos32_data,128,evolving_prior,stage8_block1_ffn,0.6647191643714905,0.6041836738586426,0.27715276604321665,0.9089307278058008
logos32_data,128,evolving_prior,stage8_block1,1.0768547058105469,0.9937590956687927,0.41479985197907526,0.9228348915657956
logos32_data,128,evolving_prior,stage16_upsample,1.0768547058105469,0.9937590956687927,0.41479985197907526,0.9228348915657956
logos32_data,128,evolving_prior,stage16_position,1.0775494575500488,0.9937590956687927,0.41660015991589316,0.9222398922906383
logos32_data,128,evolving_prior,stage16_block0_attention,0.18065205216407776,0.1502051204442978,0.10036725433828837,0.8314609141991565
logos32_data,128,evolving_prior,stage16_block0_attention_residual,1.0974578857421875,1.0165231227874756,0.41363577192514567,0.9262525113663224
logos32_data,128,evolving_prior,stage16_block0_ffn,0.21947114169597626,0.19468681514263153,0.10131449080439632,0.8870725036475303
logos32_data,128,evolving_prior,stage16_block0,1.1215736865997314,1.041621208190918,0.41587593476877804,0.9287140208761451
logos32_data,128,evolving_prior,stage16_block1_attention,0.20408082008361816,0.17904303967952728,0.09794167176599217,0.8773143875361137
logos32_data,128,evolving_prior,stage16_block1_attention_residual,1.169695496559143,1.0916497707366943,0.4201051448402685,0.9332768861194786
logos32_data,128,evolving_prior,stage16_block1_ffn,0.22366537153720856,0.19896619021892548,0.10216972924816776,0.8895708300818744
logos32_data,128,evolving_prior,stage16_block1,1.2515201568603516,1.169533610343933,0.4455264720570981,0.9344904306438855
logos32_data,128,evolving_prior,stage32_upsample,1.2515201568603516,1.169533610343933,0.4455264720570981,0.9344904306438855
logos32_data,128,evolving_prior,stage32_position,1.252177119255066,1.169533610343933,0.4473686089365243,0.9340001445160583
logos32_data,128,evolving_prior,stage32_block0_attention,0.23651303350925446,0.1670941561460495,0.16738565649896453,0.7064902668017715
logos32_data,128,evolving_prior,stage32_block0_attention_residual,1.2732558250427246,1.1712908744812012,0.4992575321037154,0.9199179390692346
logos32_data,128,evolving_prior,stage32_block0_ffn,0.2181580662727356,0.19062970578670502,0.10608137042635517,0.8738146108628625
logos32_data,128,evolving_prior,stage32_block0,1.254338264465332,1.1568524837493896,0.48482657986621297,0.9222811075148886
logos32_data,128,evolving_prior,stage32_block1_attention,0.2689376175403595,0.18218201398849487,0.1978311297733007,0.6774136532281684
logos32_data,128,evolving_prior,stage32_block1_attention_residual,1.2937878370285034,1.1797820329666138,0.5310379665636509,0.9118821488353673
logos32_data,128,evolving_prior,stage32_block1_ffn,0.22094295918941498,0.18935605883598328,0.11384232164480454,0.8570359495984112
logos32_data,128,evolving_prior,stage32_block1,1.2763056755065918,1.1588411331176758,0.5348302586100367,0.9079651962353831
logos32_data,128,evolving_prior,output_projection,2.285122871398926,2.01800274848938,1.072124733638666,0.8831047002973551
logos32_data,256,fixed_latent,input_projection,0.5781727433204651,0.569057822227478,0.10225906356129232,0.984234951926928
logos32_data,256,fixed_latent,stage8_position,0.5790132880210876,0.569057822227478,0.1069092262936694,0.9828061531581862
logos32_data,256,fixed_latent,stage8_block0_attention,0.13937386870384216,0.1216212585568428,0.06806867667676099,0.8726259785130728
logos32_data,256,fixed_latent,stage8_block0_attention_residual,0.5979340672492981,0.5839461088180542,0.12857717827647852,0.9766061858699684
logos32_data,256,fixed_latent,stage8_block0_ffn,0.5009742975234985,0.36851558089256287,0.33936928767727315,0.7355977795952244
logos32_data,256,fixed_latent,stage8_block0,0.7746832370758057,0.6616489887237549,0.40293266624472307,0.8540897195882012
logos32_data,256,fixed_latent,stage8_block1_attention,0.5169718861579895,0.4100155234336853,0.314876486294468,0.7931099048360674
logos32_data,256,fixed_latent,stage8_block1_attention_residual,0.9257137179374695,0.8270562887191772,0.41584105481262157,0.893425551218896
logos32_data,256,fixed_latent,stage8_block1_ffn,0.836368978023529,0.7399306893348694,0.38989183420603646,0.8846940869129813
logos32_data,256,fixed_latent,stage8_block1,1.442065954208374,1.2960898876190186,0.6322224446337129,0.8987729609985214
logos32_data,256,fixed_latent,stage16_upsample,1.442065954208374,1.2960898876190186,0.6322224446337129,0.8987729609985214
logos32_data,256,fixed_latent,stage16_position,1.442309021949768,1.2960898876190186,0.6327766730920289,0.8986214936566889
logos32_data,256,fixed_latent,stage16_block0_attention,0.1829669177532196,0.14521290361881256,0.11131085128911233,0.793656609631865
logos32_data,256,fixed_latent,stage16_block0_attention_residual,1.475338101387024,1.3238900899887085,0.6511048633161619,0.8973469123749105
logos32_data,256,fixed_latent,stage16_block0_ffn,0.24614816904067993,0.2016451507806778,0.14116711475664884,0.8192023185325937
logos32_data,256,fixed_latent,stage16_block0,1.5562186241149902,1.3883287906646729,0.7031070864768184,0.8921168074660493
logos32_data,256,fixed_latent,stage16_block1_attention,0.2415245771408081,0.19737808406352997,0.13919774888429864,0.817217387978115
logos32_data,256,fixed_latent,stage16_block1_attention_residual,1.6424741744995117,1.463558316230774,0.7454652700760743,0.8910693020039379
logos32_data,256,fixed_latent,stage16_block1_ffn,0.2954997718334198,0.24696369469165802,0.16226228353455613,0.8357491891089421
logos32_data,256,fixed_latent,stage16_block1,1.7992169857025146,1.599198818206787,0.824466434420746,0.8888304361924255
logos32_data,256,fixed_latent,stage32_upsample,1.7992169857025146,1.599198818206787,0.824466434420746,0.8888304361924255
logos32_data,256,fixed_latent,stage32_position,1.7994308471679688,1.599198818206787,0.8249330358190592,0.8887247991350617
logos32_data,256,fixed_latent,stage32_block0_attention,0.24141836166381836,0.12470683455467224,0.20671485375704332,0.5165590292934301
logos32_data,256,fixed_latent,stage32_block0_attention_residual,1.8046619892120361,1.5849226713180542,0.863032456660111,0.8782379641131989
logos32_data,256,fixed_latent,stage32_block0_ffn,0.23999157547950745,0.19529740512371063,0.13948075083351597,0.8137677530284259
logos32_data,256,fixed_latent,stage32_block0,1.788736343383789,1.573839783668518,0.8500623750550549,0.8798612436594502
logos32_data,256,fixed_latent,stage32_block1_attention,0.2501979172229767,0.11156369000673294,0.2239476297146212,0.4459017534798551
logos32_data,256,fixed_latent,stage32_block1_attention_residual,1.8208339214324951,1.6011364459991455,0.8670630027468956,0.8793423865585126
logos32_data,256,fixed_latent,stage32_block1_ffn,0.2361171990633011,0.19106949865818024,0.1387219462666604,0.8092146587210535
logos32_data,256,fixed_latent,stage32_block1,1.8098983764648438,1.5835905075073242,0.8763408227754613,0.8749610078110839
logos32_data,256,fixed_latent,output_projection,3.092376232147217,2.801203966140747,1.3099798094727895,0.9058419014544385
logos32_data,256,evolving_prior,input_projection,0.5752831697463989,0.5662035346031189,0.10180512166093994,0.9842171027751732
logos32_data,256,evolving_prior,stage8_position,0.5761387944221497,0.5662035346031189,0.1065338811887691,0.9827554403292778
logos32_data,256,evolving_prior,stage8_block0_attention,0.14516854286193848,0.12724214792251587,0.06988091033124182,0.876513226722463
logos32_data,256,evolving_prior,stage8_block0_attention_residual,0.5967228412628174,0.5825356841087341,0.12934576152599153,0.976224880006169
logos32_data,256,evolving_prior,stage8_block0_ffn,0.5079266428947449,0.3743683695793152,0.34327510603137384,0.7370520424873512
logos32_data,256,evolving_prior,stage8_block0,0.7814189195632935,0.666192889213562,0.40841469392365354,0.8525425639628395
logos32_data,256,evolving_prior,stage8_block1_attention,0.5252688527107239,0.4131832420825958,0.3243254169659775,0.7866128744362159
logos32_data,256,evolving_prior,stage8_block1_attention_residual,0.9305699467658997,0.8289512395858765,0.42284780738810523,0.8907994960151157
logos32_data,256,evolving_prior,stage8_block1_ffn,0.8348883390426636,0.7371901273727417,0.39190465010456105,0.8829805051751605
logos32_data,256,evolving_prior,stage8_block1,1.4436901807785034,1.2952260971069336,0.6376760113485594,0.8971634734043067
logos32_data,256,evolving_prior,stage16_upsample,1.4436901807785034,1.295225977897644,0.6376762534824074,0.8971633908316806
logos32_data,256,evolving_prior,stage16_position,1.4439340829849243,1.2952260971069336,0.638228010493628,0.897011928985997
logos32_data,256,evolving_prior,stage16_block0_attention,0.18465575575828552,0.14751487970352173,0.11107253666284529,0.7988642384731228
logos32_data,256,evolving_prior,stage16_block0_attention_residual,1.4778077602386475,1.3239878416061401,0.6564845554167151,0.8959134450561639
logos32_data,256,evolving_prior,stage16_block0_ffn,0.24519382417201996,0.2004784792661667,0.14116795232355187,0.817632662417784
logos32_data,256,evolving_prior,stage16_block0,1.557269811630249,1.3867509365081787,0.7085274209997807,0.8905013929836858
logos32_data,256,evolving_prior,stage16_block1_attention,0.24506370723247528,0.2011539191007614,0.13997614594254512,0.8208229662907219
logos32_data,256,evolving_prior,stage16_block1_attention_residual,1.6443952322006226,1.4630546569824219,0.7506708668692207,0.889722025661969
logos32_data,256,evolving_prior,stage16_block1_ffn,0.2948576509952545,0.2458733171224594,0.16274933572103398,0.8338712469984932
logos32_data,256,evolving_prior,stage16_block1,1.7991054058074951,1.596208930015564,0.8299983812901807,0.8872236862070542
logos32_data,256,evolving_prior,stage32_upsample,1.7991055250167847,1.596208930015564,0.8299986396883364,0.8872236274193378
logos32_data,256,evolving_prior,stage32_position,1.7993245124816895,1.596208930015564,0.8304732102578853,0.8871156475348732
logos32_data,256,evolving_prior,stage32_block0_attention,0.24265310168266296,0.12671101093292236,0.20694165231913464,0.5221899495792663
logos32_data,256,evolving_prior,stage32_block0_attention_residual,1.8042999505996704,1.5822176933288574,0.8672286219049062,0.8769150011909037
logos32_data,256,evolving_prior,stage32_block0_ffn,0.24110756814479828,0.19633744657039642,0.13994451218577766,0.814314739604047
logos32_data,256,evolving_prior,stage32_block0,1.7881700992584229,1.5704137086868286,0.8551918424835204,0.8782238945490137
logos32_data,256,evolving_prior,stage32_block1_attention,0.25242874026298523,0.1149076595902443,0.22475875662196168,0.4552083073842195
logos32_data,256,evolving_prior,stage32_block1_attention_residual,1.8211569786071777,1.5986639261245728,0.8722880212622383,0.8778287346471539
logos32_data,256,evolving_prior,stage32_block1_ffn,0.2363513559103012,0.19085092842578888,0.13941982125814206,0.8074881893134541
logos32_data,256,evolving_prior,stage32_block1,1.8095813989639282,1.5804613828659058,0.8813209726006958,0.8733850733494473
logos32_data,256,evolving_prior,output_projection,3.0898799896240234,2.7944939136505127,1.31839376396022,0.9044020877945317
logos32_data,512,fixed_latent,input_projection,0.5774860978126526,0.5683119893074036,0.10252646476079319,0.9841137153950582
logos32_data,512,fixed_latent,stage8_position,0.5784462094306946,0.5683119893074036,0.10780306124688942,0.9824802722222605
logos32_data,512,fixed_latent,stage8_block0_attention,0.27807727456092834,0.2449806034564972,0.13157307687108485,0.8809803096758291
logos32_data,512,fixed_latent,stage8_block0_attention_residual,0.6479519009590149,0.6241787075996399,0.1739040164448317,0.9633102498438711
logos32_data,512,fixed_latent,stage8_block0_ffn,0.5682461261749268,0.4306429624557495,0.370742901213424,0.7578458393628925
logos32_data,512,fixed_latent,stage8_block0,0.8627540469169617,0.7124618887901306,0.4865620232747254,0.8257995327128308
logos32_data,512,fixed_latent,stage8_block1_attention,0.48719123005867004,0.38633015751838684,0.2968236918406251,0.7929743675227138
logos32_data,512,fixed_latent,stage8_block1_attention_residual,0.881881594657898,0.7912358641624451,0.38943671406207425,0.8972132641790574
logos32_data,512,fixed_latent,stage8_block1_ffn,0.9714017510414124,0.8535513281822205,0.4637580102647171,0.8786800386834306
logos32_data,512,fixed_latent,stage8_block1,1.4580250978469849,1.3006982803344727,0.6588028305089888,0.8920959469457479
logos32_data,512,fixed_latent,stage16_upsample,1.4580250978469849,1.3006982803344727,0.6588028305089888,0.8920959469457479
logos32_data,512,fixed_latent,stage16_position,1.4596413373947144,1.3006982803344727,0.6623721139709732,0.8911081421248757
logos32_data,512,fixed_latent,stage16_block0_attention,0.20392291247844696,0.15313740074634552,0.13466065025220067,0.7509573048223844
logos32_data,512,fixed_latent,stage16_block0_attention_residual,1.4952133893966675,1.3282190561294556,0.686656550806623,0.8883140463752831
logos32_data,512,fixed_latent,stage16_block0_ffn,0.2949884235858917,0.2501651644706726,0.15631877857458715,0.8480507859584939
logos32_data,512,fixed_latent,stage16_block0,1.516785740852356,1.342937707901001,0.7050938209562158,0.8853839218888877
logos32_data,512,fixed_latent,stage16_block1_attention,0.258966863155365,0.20967015624046326,0.15199428211162835,0.8096408694369264
logos32_data,512,fixed_latent,stage16_block1_attention_residual,1.6063231229782104,1.41172194480896,0.7663648778220977,0.8788530306353
logos32_data,512,fixed_latent,stage16_block1_ffn,0.3216346502304077,0.26781347393989563,0.17811454574256858,0.8326636254770545
logos32_data,512,fixed_latent,stage16_block1,1.7291333675384521,1.5145176649093628,0.8343491148268565,0.8758825046938915
logos32_data,512,fixed_latent,stage32_upsample,1.7291334867477417,1.5145176649093628,0.834349361880198,0.8758824443091197
logos32_data,512,fixed_latent,stage32_position,1.7304695844650269,1.5145176649093628,0.8371148221337702,0.8752061743850729
logos32_data,512,fixed_latent,stage32_block0_attention,0.2599257230758667,0.14700248837471008,0.21436335957470756,0.5655557542944807
logos32_data,512,fixed_latent,stage32_block0_attention_residual,1.7649192810058594,1.5049444437026978,0.9219990725779593,0.852698738066368
logos32_data,512,fixed_latent,stage32_block0_ffn,0.2973824441432953,0.23751822113990784,0.17894527853836764,0.798696176649414
logos32_data,512,fixed_latent,stage32_block0,1.6920874118804932,1.4424718618392944,0.8845534111891182,0.852480700294443
logos32_data,512,fixed_latent,stage32_block1_attention,0.2994377017021179,0.14683905243873596,0.2609621234576786,0.4903826458860954
logos32_data,512,fixed_latent,stage32_block1_attention_residual,1.7511640787124634,1.486438274383545,0.9257844711489494,0.8488286691424386
logos32_data,512,fixed_latent,stage32_block1_ffn,0.2726263403892517,0.208421990275383,0.1757424121937681,0.7644968933588782
logos32_data,512,fixed_latent,stage32_block1,1.7344133853912354,1.4742624759674072,0.9136410363916104,0.8500063989271247
logos32_data,512,fixed_latent,output_projection,2.827720880508423,2.5568652153015137,1.2076612309933918,0.9042141439510786
logos32_data,512,evolving_prior,input_projection,0.5748558640480042,0.5656677484512329,0.10236827043811045,0.9840166619644956
logos32_data,512,evolving_prior,stage8_position,0.5758119821548462,0.5656677484512329,0.10760779318992467,0.9823827325272899
logos32_data,512,evolving_prior,stage8_block0_attention,0.2946799099445343,0.26513832807540894,0.1285998301332302,0.8997502684364
logos32_data,512,evolving_prior,stage8_block0_attention_residual,0.6537350416183472,0.6309384703636169,0.1711319702889012,0.9651287298317428
logos32_data,512,evolving_prior,stage8_block0_ffn,0.577178418636322,0.4431474804878235,0.36980432322624285,0.7677824848940672
logos32_data,512,evolving_prior,stage8_block0,0.8765849471092224,0.7317562103271484,0.4826323840627858,0.8347807166211487
logos32_data,512,evolving_prior,stage8_block1_attention,0.5026064515113831,0.4063107967376709,0.29584587466324985,0.8084074438675779
logos32_data,512,evolving_prior,stage8_block1_attention_residual,0.9004307389259338,0.810626745223999,0.39199463711924554,0.9002655175798905
logos32_data,512,evolving_prior,stage8_block1_ffn,1.0431101322174072,0.9145640730857849,0.5016485863185063,0.8767665511422427
logos32_data,512,evolving_prior,stage8_block1,1.5389493703842163,1.3720804452896118,0.6969651470911844,0.8915695809713715
logos32_data,512,evolving_prior,stage16_upsample,1.5389493703842163,1.3720805644989014,0.6969649124097654,0.8915696584328474
logos32_data,512,evolving_prior,stage16_position,1.5404990911483765,1.3720804452896118,0.7003803977003029,0.8906726743128321
logos32_data,512,evolving_prior,stage16_block0_attention,0.20808811485767365,0.15830285847187042,0.1350587595998695,0.760749159461342
logos32_data,512,evolving_prior,stage16_block0_attention_residual,1.5778288841247559,1.4000158309936523,0.7276672732406793,0.8873052363788239
logos32_data,512,evolving_prior,stage16_block0_ffn,0.29620689153671265,0.2512879967689514,0.1568211250874362,0.8483529720232932
logos32_data,512,evolving_prior,stage16_block0,1.5984017848968506,1.4138282537460327,0.7456392793240453,0.8845261980468015
logos32_data,512,evolving_prior,stage16_block1_attention,0.26655495166778564,0.21836422383785248,0.1528679430302763,0.8192090316521505
logos32_data,512,evolving_prior,stage16_block1_attention_residual,1.6923396587371826,1.4877797365188599,0.8065512854980492,0.87912596554585
logos32_data,512,evolving_prior,stage16_block1_ffn,0.3263871371746063,0.2732487618923187,0.1785039983791685,0.8371921891828098
logos32_data,512,evolving_prior,stage16_block1,1.8149824142456055,1.5908663272857666,0.8736735618805818,0.8765188658574455
logos32_data,512,evolving_prior,stage32_upsample,1.8149824142456055,1.5908663272857666,0.8736735618805818,0.8765188658574455
logos32_data,512,evolving_prior,stage32_position,1.8162263631820679,1.5908663272857666,0.8762548322410878,0.8759185306056974
logos32_data,512,evolving_prior,stage32_block0_attention,0.26274099946022034,0.14983437955379486,0.2158297743618448,0.5702740716584668
logos32_data,512,evolving_prior,stage32_block0_attention_residual,1.8514628410339355,1.5812395811080933,0.9631178738174024,0.85404878027423
logos32_data,512,evolving_prior,stage32_block0_ffn,0.3075198233127594,0.24593402445316315,0.1846209558706208,0.7997338896850199
logos32_data,512,evolving_prior,stage32_block0,1.7669490575790405,1.5086926221847534,0.9197584160227904,0.8538404747513585
logos32_data,512,evolving_prior,stage32_block1_attention,0.2981330454349518,0.15412424504756927,0.25520389861605924,0.5169646485270178
logos32_data,512,evolving_prior,stage32_block1_attention_residual,1.8252536058425903,1.5558044910430908,0.9544753068003002,0.8523771634051291
logos32_data,512,evolving_prior,stage32_block1_ffn,0.2780970633029938,0.2159028798341751,0.17528240954830313,0.7763579998647575
logos32_data,512,evolving_prior,stage32_block1,1.801439881324768,1.5386219024658203,0.9369249101608166,0.8541067167527828
logos32_data,512,evolving_prior,output_projection,3.0074734687805176,2.7348849773406982,1.251119828847296,0.9093629605482938
